Id,Predicted
0,1.0
1,0.9999995
2,0.00038021803
3,1.0
4,0.020810127
5,0.010762572
6,0.0003540218
7,0.009529978
8,1.0
9,0.9999995
10,0.010501981
11,1.0
12,1.0
13,0.9864637
14,0.00094380975
15,1.5377998e-05
16,0.012393087
17,0.97354513
18,0.01680687
19,0.0011507869
20,0.9965919
21,0.0014350116
22,0.013314903
23,1.0
24,0.99999905
25,0.0011268258
26,0.011753917
27,0.00048059225
28,1.0
29,0.014481425
30,0.010176241
31,0.0020700693
32,0.04194963
33,0.00288859
34,0.0027313828
35,0.024853736
36,0.015322864
37,0.0016956329
38,1.0
39,1.0
40,2.0712614e-05
41,1.0
42,0.0028094351
43,0.00014409423
44,0.0008710325
45,0.9999908
46,0.998315
47,0.0008060038
48,0.012009084
49,0.012278259
50,0.00027635694
51,0.004579425
52,0.0018508434
53,0.00034621358
54,1.0
55,0.3653353
56,0.00047907233
57,0.015899062
58,0.014081717
59,0.000613451
60,0.00036659837
61,0.9999946
62,0.0003836751
63,0.9994891
64,0.99755013
65,0.019912094
66,0.0016091168
67,1.5199184e-06
68,6.201863e-05
69,0.021573335
70,0.0011838973
71,1.0
72,0.039749056
73,0.0019429922
74,1.0
75,0.0005416274
76,1.0
77,0.0014578104
78,0.002965033
79,0.00087440014
80,0.0017392635
81,0.00040233135
82,1.0
83,0.9933635
84,0.9999998
85,0.027752668
86,0.9999287
87,0.00041860342
88,1.0
89,1.0
90,0.012736499
91,0.99999994
92,0.9434412
93,1.0
94,0.0023103952
95,0.9999933
96,0.9999864
97,0.45427066
98,1.0
99,0.0024427474
100,1.0
101,0.0009634793
102,0.0021853447
103,0.0026046932
104,0.00097453594
105,0.0006828904
106,1.0
107,0.1617164
108,0.0013404787
109,0.0011410415
110,0.0001296997
111,1.0
112,0.9998239
113,0.017239422
114,0.00039976835
115,0.82817364
116,0.9999525
117,0.00058072805
118,0.01278922
119,0.00073471665
120,1.0
121,0.99976337
122,0.0020301342
123,0.00028547645
124,1.0
125,0.644836
126,0.0012609959
127,1.0
128,0.9134356
129,0.016417742
130,0.00048327446
131,0.9087884
132,0.4050662
133,0.54246837
134,1.0
135,0.99999976
136,0.0028245747
137,1.0
138,0.0008853376
139,0.02437988
140,0.012770414
141,0.92506516
142,0.9999998
143,1.0
144,0.26501366
145,0.013066828
146,0.00057554245
147,1.0
148,3.2484531e-06
149,0.35983124
150,0.0114424825
151,0.9999173
152,0.0021936297
153,0.011256397
154,0.0020855665
155,0.00041154027
156,0.0004388392
157,0.0048163235
158,0.99996746
159,0.99754554
160,0.00017288327
161,0.0012370944
162,1.0
163,0.9999995
164,0.0009979904
165,0.0029182136
166,0.0010807812
167,0.93625647
168,0.03952256
169,0.0003811717
170,0.99985826
171,0.048347354
172,0.0010082424
173,0.030179381
174,1.0
175,0.0003928542
176,0.014532864
177,0.016822398
178,0.0018386543
179,1.0
180,0.13593209
181,1.0
182,0.00044336915
183,1.0
184,0.9999674
185,0.0029185712
186,0.9999627
187,1.0
188,0.011179298
189,0.99996
190,0.0028810203
191,0.0008909106
192,0.00047165155
193,0.9999759
194,0.00055757165
195,0.008613974
196,0.0010780692
197,0.99996066
198,1.0
199,0.00039887428
200,1.0
201,0.14771214
202,1.0
203,0.0021279454
204,0.0025274754
205,0.0016765893
206,0.99999976
207,1.0
208,0.99999976
209,0.046322227
210,0.0007106364
211,0.97622526
212,0.0012358427
213,0.0025753677
214,0.0003080964
215,0.013322413
216,0.0006738007
217,0.0005123317
218,0.0005143881
219,0.008861184
220,1.0
221,0.0032612085
222,1.0
223,0.0035785437
224,1.052022e-05
225,1.0
226,0.0012763441
227,0.001432836
228,0.0002641976
229,0.0005455613
230,0.041287154
231,1.0
232,1.0
233,0.00064495206
234,0.00055912137
235,0.0018559396
236,0.19189155
237,0.9999997
238,0.00047171116
239,1.0
240,1.0
241,0.81559557
242,1.0
243,0.0003864467
244,0.9999943
245,0.00039604306
246,1.0
247,1.0
248,1.0
249,0.0004898906
250,1.0
251,1.0
252,0.017580152
253,1.0
254,0.00040233135
255,0.48071897
256,0.0012628436
257,0.0005276799
258,0.026411146
259,0.0040831566
260,0.027944475
261,0.99995357
262,0.00048437715
263,0.00054353476
264,0.012613714
265,0.9999567
266,1.0
267,0.00154531
268,0.124567926
269,0.00028908253
270,0.0022684038
271,0.18140072
272,0.9999993
273,0.12910116
274,0.00085273385
275,1.0
276,0.3448792
277,0.87175924
278,0.9999665
279,0.000505358
280,0.9999947
281,0.04442957
282,0.0016866326
283,1.0
284,0.99999976
285,0.056083053
286,1.0
287,0.99991333
288,1.0
289,1.0
290,0.99278665
291,0.0037742555
292,0.9998663
293,0.00027158856
294,0.007874489
295,0.0018878579
296,0.0028701425
297,0.000652194
298,1.0
299,0.9999968
300,0.010928422
301,1.0
302,0.0025637746
303,0.00247702
304,1.0
305,0.002620399
306,0.9804168
307,0.9999995
308,0.0015845001
309,0.99987084
310,0.0021166205
311,0.00023260713
312,0.0005956292
313,0.0006391704
314,0.0008008182
315,0.0005685091
316,0.62391794
317,1.0
318,0.012396157
319,1.0
320,0.99999845
321,3.8802624e-05
322,0.0072393417
323,7.453561e-05
324,1.0
325,0.015529901
326,0.0006688237
327,0.011648983
328,0.99999994
329,0.0019947886
330,0.019254118
331,0.99999714
332,1.0
333,8.106232e-06
334,0.0014902949
335,1.0
336,0.0007880032
337,0.010128826
338,0.9997941
339,0.0029367507
340,1.0
341,0.99998707
342,0.14445499
343,0.41222343
344,0.00019714236
345,0.0011691153
346,0.9999168
347,0.009668291
348,1.0
349,0.0010319054
350,1.0
351,0.00027918816
352,1.0
353,0.0164136
354,0.010602772
355,5.1617622e-05
356,0.0029293597
357,4.2676926e-05
358,0.99999964
359,0.0012817383
360,1.0
361,0.011781782
362,0.0013623238
363,1.54078e-05
364,0.0014962256
365,0.0031284988
366,1.0
367,0.99999976
368,0.038963348
369,0.0022346377
370,0.01716134
371,0.018948197
372,0.021146685
373,0.00095656514
374,0.9999551
375,0.002385676
376,0.0012000203
377,0.00030341744
378,0.018164307
379,9.819865e-05
380,0.00046044588
381,0.00010329485
382,0.00080627203
383,1.0
384,0.0024385154
385,0.000995338
386,0.0009934902
387,0.0010372102
388,1.0
389,0.99992734
390,1.0
391,0.0004887283
392,0.7417524
393,1.0
394,0.0003643632
395,0.017234772
396,1.0341406e-05
397,0.016311765
398,0.9999976
399,0.9999999
400,0.0011878312
401,0.007430136
402,1.0
403,0.016609937
404,0.0011098981
405,0.0010307133
406,0.0023548603
407,0.24734586
408,0.059277654
409,0.878711
410,0.00037667155
411,2.3782253e-05
412,0.99997437
413,0.06158191
414,0.013436854
415,0.9999666
416,0.0025883317
417,0.0118967295
418,0.012622803
419,0.015257418
420,1.0
421,1.0
422,0.0013136864
423,0.1549443
424,0.06261915
425,1.0
426,0.0012889802
427,1.0
428,0.99999976
429,0.9999999
430,0.0014104843
431,0.00010788441
432,0.9999713
433,0.9999244
434,0.00826183
435,0.0025849938
436,0.0007107854
437,0.0014445484
438,0.00040706992
439,0.015260637
440,0.0003104508
441,0.0022238493
442,0.00092467666
443,0.99989533
444,0.0015498996
445,1.0
446,0.016880125
447,0.00047826767
448,0.999962
449,1.0
450,0.00075754523
451,0.9941331
452,0.0012013614
453,1.0
454,0.011859149
455,1.0
456,0.0030441284
457,0.0031932294
458,0.006048709
459,0.00050091743
460,0.0010645688
461,0.9999276
462,0.9999589
463,0.004536301
464,0.0031162798
465,1.0
466,1.0
467,0.9998178
468,0.00076159835
469,0.9999988
470,1.0
471,0.012121648
472,1.0
473,0.002916932
474,0.0017631948
475,0.011559933
476,0.00046634674
477,0.01075232
478,0.99985
479,0.0025513172
480,0.00077301264
481,1.0
482,1.0
483,4.4703484e-05
484,1.0
485,0.99575657
486,0.0004876256
487,1.0
488,0.010371059
489,0.0064091086
490,0.036769867
491,1.0
492,0.012791008
493,3.6746264e-05
494,0.051587313
495,0.00046905875
496,0.99992466
497,1.0
498,1.0
499,0.9999989
500,0.009521067
501,0.002230078
502,1.0
503,0.0014532804
504,0.06550601
505,0.0024282932
506,0.017350614
507,0.9999958
508,0.0022032857
509,0.0011915267
510,0.0020149648
511,1.0
512,0.002588749
513,0.0009972453
514,0.009797394
515,0.0022848845
516,0.20513311
517,0.9999941
518,0.9997959
519,0.6891448
520,0.0011695027
521,0.0008870065
522,1.0
523,3.787875e-05
524,0.17272991
525,0.0007432699
526,0.23026392
527,0.013316542
528,0.005228162
529,0.0027741492
530,0.0018342733
531,0.014063865
532,0.009555399
533,0.9999986
534,0.01688996
535,0.0071446
536,1.0
537,0.99999964
538,0.8031191
539,8.365512e-05
540,1.0
541,0.0002616644
542,0.0003270805
543,0.9999841
544,1.0
545,0.20037425
546,0.0012610257
547,8.08537e-05
548,0.0005130768
549,0.0020678937
550,0.0026104748
551,0.9987042
552,0.9999888
553,0.1500757
554,1.0
555,0.0022473931
556,1.0
557,0.0012542009
558,0.80555284
559,0.00014978647
560,0.0111634135
561,0.0014434457
562,0.0016765594
563,0.9975743
564,0.16351593
565,1.0
566,0.002856344
567,0.0026230812
568,0.9999993
569,1.0
570,0.005337715
571,0.16517106
572,0.013847649
573,0.0009911656
574,1.0
575,0.0013785958
576,0.003763914
577,0.15284729
578,0.00087043643
579,0.9999538
580,0.9902047
581,1.0
582,0.02067095
583,0.0009777248
584,0.9999996
585,0.00052314997
586,0.0033195913
587,1.0
588,0.0032883286
589,0.99991655
590,0.0025852025
591,0.0015724003
592,0.0029025674
593,1.0
594,0.0019789636
595,0.0018208921
596,0.0036839843
597,1.0
598,0.9999976
599,9.998679e-05
600,1.0
601,0.99999774
602,1.0
603,1.0
604,1.0
605,1.0
606,1.0
607,0.9999676
608,0.01330623
609,0.9999996
610,1.0
611,1.0
612,1.0
613,0.0033966005
614,1.0
615,1.0
616,0.99858916
617,0.0018674135
618,0.9999939
619,0.0029307604
620,2.0861626e-05
621,0.9994573
622,0.10968119
623,0.015244305
624,0.0011868477
625,0.00027945638
626,0.031986445
627,0.0055546165
628,0.0017414987
629,1.4990568e-05
630,0.027987987
631,0.99998736
632,1.0
633,1.0
634,0.0004348755
635,0.0031126738
636,0.9999976
637,0.000541389
638,1.0
639,0.00073847175
640,0.00027009845
641,0.99990666
642,0.0331738
643,1.0
644,0.00040629506
645,0.0010473132
646,0.99999404
647,0.00026750565
648,0.00029042363
649,1.0
650,0.0010344684
651,0.9999945
652,0.99999976
653,0.9999999
654,0.000577569
655,0.16473317
656,1.0
657,2.938509e-05
658,1.0
659,0.012078375
660,0.00053814054
661,0.0050200224
662,0.0005120337
663,1.0
664,0.00042274594
665,0.0010986626
666,1.0
667,0.017465413
668,1.0
669,0.99996793
670,0.00067687035
671,0.0005096793
672,0.0009596944
673,0.9977221
674,0.0003029108
675,0.59684575
676,2.5570393e-05
677,0.99984306
678,0.9999338
679,0.0028471947
680,0.003164947
681,0.00029921532
682,0.0007530451
683,0.021733165
684,0.9999763
685,0.023406386
686,0.009405524
687,0.0011662841
688,0.0022720098
689,0.005056083
690,0.002701193
691,1.0
692,0.008348495
693,0.00066429377
694,0.9999999
695,1.0
696,0.99999523
697,0.0011786819
698,0.0004504025
699,0.0005040169
700,0.0009151101
701,0.013377309
702,0.00044977665
703,1.0
704,0.999946
705,0.0016866624
706,0.17973042
707,0.013673246
708,0.0017906129
709,0.001416564
710,0.0048553944
711,0.0005981326
712,0.99990946
713,0.012166172
714,0.0013289154
715,0.0041763783
716,0.9999999
717,0.99999833
718,1.0
719,1.0
720,0.0024841726
721,0.99994135
722,0.9999956
723,0.00029328465
724,0.0003569126
725,0.00027248263
726,2.3543835e-06
727,0.031033099
728,0.0005762875
729,0.0005683303
730,1.0
731,0.9998378
732,0.85822034
733,0.0007169843
734,0.9999954
735,0.0098157525
736,0.9984751
737,0.9999144
738,0.087748796
739,0.011676341
740,1.0
741,0.001208961
742,0.0011929274
743,0.002684325
744,1.0
745,0.0018737018
746,1.0
747,0.009555787
748,0.9999957
749,0.0009433031
750,1.0
751,0.0003887117
752,0.01281333
753,0.0004759729
754,0.0043254793
755,0.9999633
756,1.0
757,0.00052797794
758,0.0014744997
759,0.9989025
760,0.99999446
761,1.0
762,0.0018135607
763,0.013075739
764,0.99810135
765,0.0021121204
766,7.390976e-05
767,0.000456661
768,0.92891014
769,0.00026857853
770,1.0
771,0.99999744
772,0.0044647157
773,0.018084615
774,0.011915922
775,0.0055009425
776,0.0015313923
777,1.0
778,0.00027149916
779,0.9996268
780,1.0
781,0.9999523
782,7.143617e-05
783,0.0016354024
784,0.00070661306
785,0.9999996
786,0.99997777
787,0.8497338
788,0.002691418
789,0.031050712
790,0.013535023
791,3.963709e-06
792,1.0
793,1.0
794,0.0005004406
795,1.0
796,0.99999994
797,1.0
798,0.0024743676
799,0.00047123432
800,0.9569597
801,0.00089237094
802,0.0028173923
803,0.0011047125
804,1.0
805,0.9952807
806,0.001182437
807,0.00074508786
808,0.012380511
809,0.00052666664
810,0.012850791
811,0.0028499067
812,0.0023201704
813,0.0011165738
814,0.001353234
815,0.013189495
816,0.0023598075
817,0.0018368065
818,0.00028046966
819,3.6418438e-05
820,0.0013784468
821,0.010037154
822,1.0
823,0.00045371056
824,0.0016087592
825,0.002039045
826,1.0
827,0.0004130304
828,0.00043192506
829,0.001019597
830,0.00067171454
831,0.0041815042
832,0.030059844
833,0.28900096
834,0.0004631281
835,0.002336651
836,0.0044923127
837,0.9999237
838,0.0014691949
839,0.0002658069
840,0.17614704
841,0.90377975
842,0.000436157
843,0.0012478828
844,0.99999815
845,0.011277199
846,0.00037413836
847,0.0026332736
848,0.01708579
849,0.0102879405
850,0.013741642
851,0.00010487437
852,0.9999645
853,1.0
854,8.028746e-05
855,0.013504624
856,0.0023487806
857,0.00030776858
858,0.3117288
859,0.9999831
860,0.0005057156
861,0.0010611415
862,1.0
863,1.0
864,0.001309216
865,1.0
866,0.0010258555
867,0.0072358847
868,0.0003928542
869,1.0
870,0.9999995
871,0.99270046
872,0.00024473667
873,0.99999976
874,0.0011880696
875,0.0140040815
876,1.0
877,0.0031298697
878,0.99971867
879,0.0021058917
880,0.9999944
881,0.9922657
882,1.0
883,1.0
884,0.057039678
885,1.0
886,0.9999999
887,1.0
888,0.9999975
889,0.9999294
890,0.99749124
891,0.0024313629
892,0.77841127
893,1.0
894,0.9926045
895,0.0002949834
896,1.0
897,0.0010406375
898,0.0028117597
899,0.45524353
900,0.005090475
901,0.0028127134
902,0.0014488995
903,0.0014270246
904,0.6229549
905,0.9825223
906,0.013757616
907,0.9996785
908,1.0
909,0.0031423867
910,0.10526478
911,0.008794516
912,0.000775218
913,0.0024863183
914,1.0
915,7.995963e-05
916,1.0
917,0.19704407
918,1.0
919,0.010806173
920,1.0
921,0.9999993
922,0.9999997
923,0.0012532473
924,0.99998724
925,0.9999647
926,0.00048047304
927,1.0
928,0.011636198
929,1.0
930,0.0018270612
931,4.0471554e-05
932,0.00329718
933,0.0014021993
934,1.0
935,0.0017017126
936,0.9999988
937,0.99999845
938,0.0022969544
939,0.00131163
940,0.042801082
941,0.0004698336
942,0.16131878
943,1.0
944,0.0018607378
945,1.0
946,0.9922803
947,0.004895538
948,0.004541248
949,0.010261238
950,0.9999969
951,0.00081944466
952,0.0005091429
953,0.0005411804
954,0.002740115
955,0.0011475682
956,3.0398369e-06
957,0.0014677644
958,1.0
959,0.00047555566
960,0.0013345778
961,0.00044479966
962,0.9999812
963,0.0008470714
964,0.9999914
965,1.0
966,1.0
967,0.0008491576
968,1.0
969,1.0
970,1.0
971,0.9999998
972,0.9999528
973,0.99682105
974,0.0010980964
975,0.012848407
976,0.00010332465
977,0.0144402385
978,0.99889064
979,0.00087708235
980,0.0011845231
981,0.0064892173
982,0.0005503893
983,0.0018468499
984,0.00014051795
985,0.0010036826
986,0.002822101
987,0.000724107
988,0.00048312545
989,0.0027838647
990,0.0004799366
991,0.0010232627
992,1.0
993,0.00049719214
994,1.0
995,0.15928742
996,0.0037721694
997,0.0011299253
998,0.0019346476
999,0.0021024048
1000,1.0
1001,0.14698762
1002,0.9999988
1003,0.010726243
1004,0.99999833
1005,1.0
1006,1.0
1007,0.36336547
1008,1.0
1009,0.9706209
1010,0.0011114478
1011,0.0010946691
1012,0.0029887855
1013,0.0031438172
1014,0.16172993
1015,9.804964e-06
1016,0.9999598
1017,0.00048476458
1018,0.00042018294
1019,9.295344e-05
1020,1.0
1021,0.9992404
1022,0.9999211
1023,0.00047257543
1024,0.0017538369
1025,2.4527311e-05
1026,0.99999523
1027,0.00096720457
1028,1.0
1029,1.0
1030,0.0018604398
1031,1.0
1032,1.0
1033,0.002912581
1034,0.012803882
1035,0.9892236
1036,1.0
1037,0.014064252
1038,1.0
1039,0.0012148917
1040,0.00620234
1041,1.0
1042,0.009848803
1043,2.425909e-05
1044,0.00056505203
1045,0.9999193
1046,0.1829898
1047,0.00053828955
1048,0.0020189285
1049,0.013736546
1050,0.0053699017
1051,0.00039565563
1052,0.0004080236
1053,0.99998784
1054,1.0
1055,0.9875288
1056,0.9999784
1057,0.015041709
1058,0.021981597
1059,0.99994403
1060,0.0005054772
1061,0.013541043
1062,1.0
1063,0.00037547946
1064,5.0336123e-05
1065,1.0
1066,0.08751467
1067,0.008532941
1068,0.8983209
1069,0.00027403235
1070,0.99997437
1071,0.0036132336
1072,1.0
1073,6.1690807e-06
1074,1.0
1075,0.00048542023
1076,0.0003337264
1077,0.0013448
1078,1.0
1079,0.9985024
1080,0.00028073788
1081,0.00041356683
1082,1.7821789e-05
1083,0.0005272031
1084,0.0005450249
1085,1.0
1086,0.9999999
1087,1.0
1088,0.001006484
1089,0.99925816
1090,0.0019049942
1091,1.0
1092,0.000670135
1093,0.01411733
1094,0.0011562407
1095,0.9999987
1096,0.0001180768
1097,0.013848633
1098,0.99999535
1099,0.0011490583
1100,0.0007889867
1101,0.020543784
1102,8.314848e-06
1103,1.0
1104,0.013043225
1105,2.0563602e-05
1106,1.0
1107,0.031897873
1108,0.00042673945
1109,0.9999992
1110,0.0008967817
1111,0.99858016
1112,0.9895178
1113,0.002338618
1114,0.8392134
1115,0.0008383095
1116,0.9999962
1117,0.0011789501
1118,0.20351925
1119,0.0071983933
1120,0.0005340576
1121,0.0014283359
1122,0.002656728
1123,0.012420714
1124,0.0022468567
1125,0.00025227666
1126,0.00095030665
1127,0.00062701106
1128,0.18796927
1129,0.0009230077
1130,0.000687629
1131,1.0
1132,0.000482589
1133,0.1698718
1134,0.001817286
1135,6.4969063e-06
1136,0.9999211
1137,0.013682455
1138,0.99999356
1139,0.9999975
1140,0.0013916492
1141,0.9999856
1142,0.015057623
1143,0.001204133
1144,1.0
1145,0.9979526
1146,0.0009559989
1147,0.03187248
1148,0.014091998
1149,0.9944892
1150,0.0025712252
1151,0.0005066395
1152,2.4795532e-05
1153,0.9959325
1154,0.012611896
1155,0.9997478
1156,0.0013935864
1157,0.03547865
1158,0.0023002326
1159,0.0018898845
1160,0.00059720874
1161,0.9997518
1162,0.00051382184
1163,1.0
1164,1.0
1165,0.0022365153
1166,0.00042250752
1167,0.0005478263
1168,0.049374968
1169,0.0021105409
1170,1.0
1171,0.9999999
1172,0.9999062
1173,0.015262246
1174,0.0024539828
1175,0.015016764
1176,0.0011862814
1177,0.00024598837
1178,0.9977517
1179,0.00040066242
1180,0.00015550852
1181,0.08427417
1182,0.049205124
1183,0.00040474534
1184,0.008505225
1185,1.0
1186,0.00051754713
1187,0.030866265
1188,0.8663025
1189,0.9999984
1190,0.99999243
1191,0.5256226
1192,0.002123624
1193,0.012918025
1194,0.00026237965
1195,0.11756998
1196,0.0004466474
1197,0.0002924204
1198,0.010557741
1199,0.00017392635
1200,0.2274073
1201,1.0
1202,0.001034826
1203,0.0028976202
1204,0.00031033158
1205,1.0
1206,0.9999947
1207,0.7486417
1208,0.054367512
1209,0.0011748374
1210,0.99973935
1211,0.055353105
1212,0.99999654
1213,0.005465001
1214,0.00015753508
1215,0.042662352
1216,0.00074258447
1217,0.0029437542
1218,0.024543613
1219,0.99999994
1220,0.0011738539
1221,1.0
1222,2.6851892e-05
1223,0.9980377
1224,0.02264604
1225,1.0
1226,0.99998665
1227,1.0
1228,0.0003772974
1229,0.9999876
1230,0.9999982
1231,0.0010289848
1232,0.03073141
1233,0.9920845
1234,1.0
1235,1.0
1236,0.0004259348
1237,0.0011752844
1238,0.0004937053
1239,0.067670405
1240,0.00013428926
1241,0.0006625056
1242,1.0
1243,9.724498e-05
1244,0.014735132
1245,1.0
1246,0.013712645
1247,0.0015971959
1248,0.5720868
1249,0.9999263
1250,0.01749745
1251,0.012166649
1252,1.0
1253,0.9999945
1254,0.014636844
1255,0.99997425
1256,1.0
1257,0.037691504
1258,0.0020043552
1259,3.0994415e-06
1260,0.00042146444
1261,0.014229596
1262,0.00021356344
1263,0.9999998
1264,1.0
1265,0.9999985
1266,0.00079905987
1267,0.0025413632
1268,0.0004285574
1269,0.99494684
1270,0.99999976
1271,0.9999143
1272,0.09204215
1273,0.0036939383
1274,0.0012045801
1275,0.820329
1276,0.16101936
1277,1.0
1278,0.014795899
1279,0.99619895
1280,0.010737479
1281,0.0006799996
1282,0.5855194
1283,0.75827
1284,1.0
1285,0.45588547
1286,0.002421379
1287,0.0042176843
1288,0.0013253093
1289,0.008419275
1290,0.012655556
1291,0.999959
1292,0.0473575
1293,0.9997375
1294,1.0
1295,0.0012257993
1296,0.00045782328
1297,0.0005285144
1298,0.010523111
1299,0.009229898
1300,0.9999996
1301,1.0
1302,3.707409e-05
1303,0.99997556
1304,0.99999905
1305,0.0143117905
1306,0.016018242
1307,0.002459824
1308,0.011717528
1309,0.039552838
1310,0.9974953
1311,0.00045272708
1312,0.00040265918
1313,0.00039857626
1314,0.0011847913
1315,0.9960531
1316,0.00039929152
1317,1.0
1318,0.0100927055
1319,0.00022625923
1320,0.015777826
1321,3.8146973e-06
1322,1.0
1323,1.0
1324,0.0018796921
1325,1.0
1326,9.804964e-06
1327,0.29829627
1328,0.01681611
1329,0.08158052
1330,0.00041532516
1331,0.000960201
1332,0.002429694
1333,0.0048110485
1334,0.99999833
1335,0.00041025877
1336,0.042877942
1337,0.9921777
1338,1.0
1339,0.0023382604
1340,0.00045603514
1341,1.0
1342,0.99996066
1343,1.0
1344,1.0
1345,0.00075274706
1346,0.00155738
1347,0.014844388
1348,0.017131805
1349,0.010900736
1350,0.0005454719
1351,0.00733763
1352,0.0016959906
1353,0.99997306
1354,0.9999041
1355,0.0044749677
1356,1.0
1357,0.012498736
1358,0.0008870363
1359,1.0
1360,1.66893e-06
1361,1.0
1362,0.0005465448
1363,0.0023961961
1364,0.0036247075
1365,1.0
1366,0.012975603
1367,0.007207036
1368,0.9999976
1369,0.02486071
1370,0.0002783835
1371,0.0020923316
1372,0.010323048
1373,8.133054e-05
1374,1.0
1375,0.9996431
1376,0.010369569
1377,1.4603138e-05
1378,0.0021594763
1379,0.0009431243
1380,0.99999875
1381,0.00031024218
1382,1.0
1383,0.002308011
1384,1.0
1385,0.00043424964
1386,0.9999962
1387,0.0005005002
1388,0.9925376
1389,1.0
1390,0.0011900365
1391,0.15974888
1392,0.002349943
1393,1.0
1394,0.001954019
1395,1.0
1396,3.811717e-05
1397,0.9999844
1398,0.0004273057
1399,0.0015313625
1400,1.0
1401,0.0020103753
1402,0.22981304
1403,1.0
1404,0.00090023875
1405,0.03471142
1406,0.5548764
1407,0.0012171566
1408,1.0
1409,1.0
1410,1.0
1411,0.0014963746
1412,0.0022388697
1413,0.9999994
1414,0.008725494
1415,1.0
1416,0.9999999
1417,0.9999994
1418,1.0
1419,1.0
1420,1.0
1421,1.1831522e-05
1422,0.5372518
1423,1.0
1424,0.011657119
1425,0.0001540482
1426,1.0
1427,0.6098443
1428,1.0
1429,0.011605829
1430,0.0006351769
1431,1.0
1432,0.0015107393
1433,0.99999976
1434,6.595254e-05
1435,0.0021689534
1436,0.0012306273
1437,0.00070858
1438,0.24095553
1439,0.00027611852
1440,0.0005724728
1441,0.0025123656
1442,0.0049438775
1443,0.0027468503
1444,0.0010008216
1445,1.0
1446,1.0
1447,0.001954347
1448,0.00071775913
1449,1.0
1450,0.0006671548
1451,0.0029402971
1452,0.4212977
1453,0.00023907423
1454,0.0022643507
1455,0.00084096193
1456,0.091924965
1457,0.00027742982
1458,0.9992603
1459,0.014804304
1460,2.6226044e-06
1461,0.001973033
1462,0.0015749931
1463,7.605553e-05
1464,0.9998483
1465,0.00015750527
1466,1.0
1467,1.0
1468,0.008298427
1469,1.0
1470,0.0027906299
1471,0.028688371
1472,0.9999999
1473,0.99999684
1474,1.0
1475,0.001195699
1476,0.00028258562
1477,0.0020976067
1478,0.0018664896
1479,0.27198985
1480,0.09320068
1481,0.005257249
1482,0.0011116564
1483,0.9999998
1484,0.96189183
1485,0.01709336
1486,0.18826169
1487,0.0021484792
1488,0.001167953
1489,0.99999964
1490,0.00016948581
1491,0.0011251271
1492,0.0017719865
1493,0.014019221
1494,0.0019900203
1495,0.9999997
1496,0.00054877996
1497,1.0
1498,0.0011267662
1499,0.9998009
1500,0.9999961
1501,1.0
1502,1.0
1503,0.0027786195
1504,0.0013011992
1505,0.0025042295
1506,1.0
1507,1.0
1508,0.008990437
1509,0.9956925
1510,0.0100034475
1511,0.0025648475
1512,0.0011179447
1513,0.0046138763
1514,0.012973756
1515,0.0005136132
1516,1.0
1517,0.99999875
1518,0.9999758
1519,1.0
1520,1.0
1521,0.0008673668
1522,0.00048470497
1523,0.00053203106
1524,0.00090152025
1525,0.0498437
1526,0.0026622713
1527,0.0002593398
1528,0.0015909374
1529,1.0
1530,0.99998796
1531,0.99999475
1532,0.016298085
1533,1.0
1534,0.025770277
1535,0.00085401535
1536,1.0
1537,0.005051106
1538,0.99997544
1539,1.0
1540,0.20298561
1541,1.0
1542,0.0019308329
1543,0.00016736984
1544,0.012500942
1545,0.0013875961
1546,0.0006759763
1547,0.014175653
1548,0.0012979805
1549,0.9813819
1550,1.0
1551,0.99999213
1552,1.0
1553,0.0008085072
1554,4.389882e-05
1555,0.0009902418
1556,0.8178672
1557,0.014430702
1558,0.0115374625
1559,1.0
1560,0.9997816
1561,0.014109135
1562,0.0011964738
1563,0.99999034
1564,0.00044333935
1565,1.0
1566,1.0
1567,0.0020714402
1568,0.0005557537
1569,0.015666634
1570,0.010737658
1571,0.0035041869
1572,0.00058853626
1573,5.042553e-05
1574,8.317828e-05
1575,0.00029188395
1576,0.00078231096
1577,1.0
1578,1.0
1579,0.0023548603
1580,0.014981121
1581,0.99999976
1582,0.024265498
1583,0.011592835
1584,0.99979675
1585,0.9704015
1586,1.0
1587,0.007971734
1588,0.99999964
1589,0.01287666
1590,0.988028
1591,1.0
1592,0.0029520392
1593,0.00092980266
1594,0.00032249093
1595,0.9999899
1596,0.001777947
1597,0.0004990697
1598,0.049368948
1599,0.99016494
1600,0.012846112
1601,0.9995016
1602,1.0
1603,0.00044572353
1604,0.023562074
1605,0.6085801
1606,0.00041469932
1607,0.00058698654
1608,0.00057312846
1609,0.0011507273
1610,0.025735915
1611,0.0027290285
1612,0.0037466586
1613,1.0
1614,0.0047243237
1615,0.9999994
1616,0.0013932288
1617,0.00024875998
1618,1.0
1619,0.015101999
1620,0.9936662
1621,0.04030013
1622,1.0
1623,0.0019644499
1624,0.001489222
1625,1.0
1626,0.3786993
1627,1.0
1628,0.0018761158
1629,0.008368105
1630,0.9976981
1631,0.0009699762
1632,0.0015658736
1633,0.011365712
1634,0.00044974685
1635,0.00069257617
1636,1.0
1637,1.0
1638,0.005146116
1639,0.000608623
1640,0.0052423775
1641,1.0
1642,0.0013620257
1643,0.002786696
1644,0.009629816
1645,0.0008919835
1646,0.002416879
1647,0.0038104653
1648,0.9999994
1649,0.9974592
1650,0.0078011155
1651,1.0
1652,0.0015209317
1653,0.044343174
1654,0.010352671
1655,0.0057482123
1656,0.0005938113
1657,4.976988e-05
1658,0.0027272701
1659,0.00056523085
1660,0.38633737
1661,0.0002888739
1662,0.0004759133
1663,1.0
1664,0.002687782
1665,0.0008981228
1666,1.0
1667,0.9998798
1668,0.0006534755
1669,0.00015118718
1670,0.015775383
1671,4.6223402e-05
1672,0.00042665005
1673,0.001765579
1674,0.0005199313
1675,1.0
1676,0.99999774
1677,0.0002850592
1678,1.0
1679,0.012617558
1680,0.26275408
1681,0.00047683716
1682,0.014170438
1683,0.001962334
1684,0.0021243393
1685,0.013921618
1686,0.0025379658
1687,0.017040074
1688,0.00078603625
1689,0.9996429
1690,6.338954e-05
1691,0.00064894557
1692,2.0384789e-05
1693,0.0064850748
1694,0.0032319427
1695,1.0
1696,0.0018851459
1697,0.051464766
1698,0.0005438626
1699,0.0013235509
1700,0.99999994
1701,0.00020325184
1702,0.9999308
1703,0.9999999
1704,0.9948236
1705,0.0037635863
1706,0.5262037
1707,0.009107769
1708,0.0010535419
1709,1.0
1710,0.0057863593
1711,0.0013144314
1712,0.0019837916
1713,0.8192264
1714,1.0
1715,1.0
1716,1.0
1717,1.0
1718,2.8818846e-05
1719,0.00045844913
1720,0.004324198
1721,1.0
1722,0.0009200573
1723,0.99999964
1724,0.0010317862
1725,0.024570674
1726,1.0
1727,0.9999969
1728,1.0
1729,0.005241692
1730,0.9999918
1731,0.9999794
1732,0.99999976
1733,0.00045746565
1734,1.0
1735,0.014198273
1736,0.9999809
1737,0.001042068
1738,0.99500585
1739,0.0038143098
1740,0.0147506595
1741,0.99999785
1742,0.0013485551
1743,0.0017501116
1744,0.99999464
1745,0.0012586415
1746,0.013097912
1747,0.9901342
1748,0.0017587543
1749,0.29803413
1750,0.013746679
1751,0.0016871989
1752,0.0017158091
1753,0.9990746
1754,3.2484531e-06
1755,0.00030237436
1756,0.0004273653
1757,0.009723395
1758,0.0051366687
1759,9.480119e-05
1760,0.016296387
1761,0.0009742975
1762,0.0018652081
1763,0.0035280883
1764,0.7720535
1765,0.0004054308
1766,0.00092720985
1767,0.009427458
1768,0.0004912019
1769,0.0017108023
1770,0.999999
1771,0.01160273
1772,0.9990121
1773,0.011457413
1774,0.018008858
1775,0.99999976
1776,0.00041610003
1777,0.9999996
1778,0.0014747083
1779,0.027882576
1780,0.98741317
1781,0.013116509
1782,0.9999782
1783,0.0010996461
1784,0.0013226569
1785,0.013252497
1786,1.0
1787,0.0020478964
1788,0.5496086
1789,0.98429036
1790,0.0010411739
1791,0.014499307
1792,0.005186856
1793,0.08493799
1794,0.0012614429
1795,0.00047793984
1796,1.0
1797,0.66082525
1798,0.0017589629
1799,0.9999665
1800,0.00047180057
1801,0.014947563
1802,0.00049835443
1803,1.0
1804,0.012539178
1805,3.8444996e-06
1806,0.00047579408
1807,0.99999857
1808,0.001052767
1809,0.002508223
1810,0.99917954
1811,1.0
1812,0.0009626746
1813,0.0015573204
1814,0.99995124
1815,0.000957042
1816,1.0
1817,0.00040894747
1818,0.9999746
1819,1.0
1820,0.0007636547
1821,1.0
1822,0.99996763
1823,0.00047135353
1824,0.0015392303
1825,0.01215139
1826,1.0
1827,0.0010494888
1828,0.99999636
1829,0.00056645274
1830,0.0012972951
1831,0.0011347532
1832,0.0012991726
1833,0.004953414
1834,0.011092663
1835,0.99999976
1836,0.00032034516
1837,1.0
1838,0.00029024482
1839,0.0011642873
1840,1.0
1841,2.8967857e-05
1842,0.001856029
1843,1.0
1844,0.91357744
1845,0.015735984
1846,1.0
1847,0.99978334
1848,0.0005094409
1849,1.0
1850,0.9278015
1851,0.0028586984
1852,0.00048458576
1853,0.0031628609
1854,0.0019376874
1855,1.0
1856,5.6892633e-05
1857,0.00497815
1858,1.0
1859,0.0016311407
1860,0.0018754601
1861,1.4305115e-06
1862,1.0
1863,0.46068385
1864,1.0
1865,0.0029797852
1866,1.0
1867,0.0013465285
1868,0.00036793947
1869,0.0012067854
1870,1.0
1871,0.0005996525
1872,0.00021657348
1873,0.08805999
1874,0.00028544664
1875,1.0
1876,6.0617924e-05
1877,1.0
1878,0.0072902143
1879,1.0
1880,1.0
1881,0.012422532
1882,0.00012049079
1883,1.0
1884,1.0
1885,0.99999905
1886,0.00052157044
1887,0.001826942
1888,0.018617481
1889,0.00029480457
1890,0.00016510487
1891,0.999982
1892,0.013250291
1893,0.99998325
1894,0.00049361587
1895,0.00042170286
1896,0.120675325
1897,1.0
1898,0.98552513
1899,0.28826272
1900,0.0011851788
1901,0.0015090406
1902,0.9999973
1903,0.0027181506
1904,0.00048729777
1905,1.0
1906,0.33459818
1907,0.999975
1908,1.0
1909,1.0
1910,0.0026648045
1911,3.6239624e-05
1912,0.03557232
1913,0.012110323
1914,0.12998903
1915,0.9999993
1916,0.6120133
1917,0.010809839
1918,0.01832503
1919,1.0
1920,0.011924595
1921,0.010313183
1922,1.0
1923,0.0013166368
1924,1.0
1925,0.00038200617
1926,4.1991472e-05
1927,0.00058463216
1928,0.9997306
1929,0.001363039
1930,0.99999774
1931,0.0030883253
1932,0.0004018247
1933,0.0020843744
1934,1.0
1935,0.012559593
1936,0.0004593134
1937,1.0
1938,0.002162695
1939,0.0016712248
1940,0.000933975
1941,0.0012075305
1942,0.99999976
1943,0.00016024709
1944,0.011709094
1945,0.99995637
1946,0.9999974
1947,0.99999994
1948,0.9999989
1949,0.00065147877
1950,0.9999999
1951,1.0
1952,0.0012064874
1953,0.04502064
1954,0.9999995
1955,0.0018369555
1956,0.002162069
1957,0.9999995
1958,0.0005044043
1959,1.0
1960,0.011790633
1961,1.218915e-05
1962,0.9999999
1963,1.0
1964,0.0031294525
1965,0.027364522
1966,0.0015963316
1967,1.0
1968,0.0021139383
1969,0.00091969967
1970,1.0
1971,0.016714454
1972,6.219745e-05
1973,0.004206866
1974,0.0005276203
1975,0.9999999
1976,0.9999783
1977,0.0022212863
1978,0.9999996
1979,0.027710676
1980,1.0
1981,1.0
1982,0.022395015
1983,0.016569346
1984,0.9999658
1985,0.05138412
1986,1.0
1987,0.00025749207
1988,0.015291959
1989,0.0001488626
1990,0.00021371245
1991,0.0022048056
1992,0.00039246678
1993,0.47686294
1994,1.3530254e-05
1995,0.24525025
1996,0.018264562
1997,1.0
1998,1.0
1999,0.0023292005
2000,1.0
2001,0.07013148
2002,0.32219332
2003,0.9999999
2004,0.9992459
2005,0.010479271
2006,9.23872e-07
2007,0.012760162
2008,0.029944628
2009,1.0
2010,0.9999996
2011,0.45149642
2012,0.011435419
2013,1.0
2014,0.032732934
2015,0.0021011531
2016,1.0
2017,3.746152e-05
2018,0.00042024255
2019,0.9999996
2020,0.009126663
2021,1.0
2022,0.031246841
2023,0.00085809827
2024,0.99996763
2025,0.0016801357
2026,0.01660937
2027,0.9999173
2028,0.0007351935
2029,0.011437088
2030,1.0
2031,0.9987973
2032,0.9999862
2033,1.0
2034,0.09430432
2035,0.0033427477
2036,0.9999918
2037,0.00012329221
2038,0.015193403
2039,0.012375325
2040,0.009945124
2041,0.011738539
2042,0.010019392
2043,0.09373963
2044,0.002282828
2045,1.0
2046,0.007213831
2047,1.0
2048,0.0024351776
2049,0.0017866194
2050,0.0015639663
2051,0.0025295913
2052,0.00041216612
2053,0.017880231
2054,0.006346613
2055,0.0019069612
2056,0.0009050071
2057,0.0012374222
2058,0.99999994
2059,0.0015592277
2060,0.0017955005
2061,0.39474416
2062,0.03546238
2063,1.0
2064,1.0
2065,0.99999875
2066,0.02160424
2067,1.0
2068,0.030991584
2069,0.015975356
2070,0.007192403
2071,0.000423491
2072,0.34868973
2073,0.99219334
2074,0.0015398562
2075,0.0041754544
2076,0.99929726
2077,0.0027810037
2078,0.9819392
2079,0.999591
2080,1.3411045e-05
2081,1.0
2082,0.014821559
2083,1.0
2084,0.0029966831
2085,0.0016618669
2086,1.0
2087,0.9999953
2088,1.0
2089,0.0016313791
2090,0.0022957623
2091,0.0006842613
2092,0.005148232
2093,0.99998355
2094,0.013036609
2095,0.99999756
2096,0.0019752681
2097,0.0009997487
2098,1.0
2099,0.00051635504
2100,0.999367
2101,0.20713851
2102,0.016332626
2103,0.0010416806
2104,0.010153383
2105,1.0
2106,0.0020106137
2107,0.035287976
2108,1.0
2109,0.9995123
2110,0.99973804
2111,0.99997807
2112,1.0
2113,0.00089633465
2114,0.06713608
2115,0.9999841
2116,0.0022531748
2117,0.002753228
2118,0.9999914
2119,0.0016081333
2120,0.00030305982
2121,1.0
2122,0.00031787157
2123,0.99999917
2124,0.00270167
2125,0.00031164289
2126,0.0045498908
2127,0.0006248951
2128,0.002376467
2129,1.0
2130,1.0
2131,0.00026029348
2132,1.0
2133,0.0007005036
2134,0.00050216913
2135,0.017180651
2136,0.003217727
2137,0.0021508634
2138,1.0
2139,1.0
2140,1.0
2141,0.0009796321
2142,0.0017025173
2143,1.0
2144,0.0060593784
2145,0.0010820627
2146,0.99999994
2147,0.0102825165
2148,0.0019024909
2149,0.0013099015
2150,0.99993753
2151,0.0019367337
2152,1.0
2153,0.00015363097
2154,0.9995711
2155,0.00046601892
2156,0.0028841197
2157,0.0014251769
2158,0.0009031892
2159,0.00446707
2160,0.0010915399
2161,0.08058715
2162,0.0016031563
2163,0.006318748
2164,0.0024723113
2165,0.0030874014
2166,1.0
2167,0.023930073
2168,0.999172
2169,0.0008123517
2170,0.9999981
2171,0.0119380355
2172,0.14999318
2173,1.6331673e-05
2174,0.0032488704
2175,6.8992376e-05
2176,5.3703785e-05
2177,0.48637277
2178,0.039240032
2179,0.0006034076
2180,0.00061267614
2181,0.017045498
2182,4.169345e-05
2183,0.002083689
2184,0.0020613968
2185,1.0
2186,1.0
2187,0.00014284253
2188,0.0011334717
2189,0.012346327
2190,0.010999441
2191,0.00019237399
2192,0.012683064
2193,0.0015464425
2194,1.0
2195,0.004891515
2196,0.9999689
2197,0.013213277
2198,0.005335897
2199,0.00036761165
2200,0.9999687
2201,0.0005168319
2202,0.00015449524
2203,0.00081533194
2204,1.0
2205,0.00027894974
2206,0.0012095869
2207,0.9999999
2208,1.0
2209,0.0004913807
2210,0.00041490793
2211,0.0011443496
2212,1.0
2213,2.8014183e-06
2214,0.0003581345
2215,0.001218617
2216,0.0006957948
2217,0.00025838614
2218,0.0008521974
2219,1.0
2220,1.0
2221,1.0
2222,0.0007724762
2223,0.0017820299
2224,0.0022353232
2225,0.0013284981
2226,0.00029844046
2227,0.99994063
2228,0.014446348
2229,1.0
2230,0.014309704
2231,0.0023297071
2232,0.0006625056
2233,1.0
2234,0.011796176
2235,0.00013023615
2236,0.9998802
2237,0.009874195
2238,0.0009236634
2239,0.0016216934
2240,0.00044569373
2241,0.002611637
2242,0.010805815
2243,0.0066135824
2244,0.88351953
2245,4.7892332e-05
2246,0.008951306
2247,0.0027579963
2248,8.9138746e-05
2249,0.0020081103
2250,0.99999905
2251,0.0013673007
2252,1.0
2253,1.5556812e-05
2254,0.97918415
2255,0.0005776286
2256,1.0
2257,1.0
2258,1.0460615e-05
2259,0.00017127395
2260,1.0
2261,0.012594819
2262,0.51625013
2263,0.0004981756
2264,0.0025538206
2265,1.0
2266,0.0026767552
2267,0.0008559823
2268,0.9999983
2269,0.00229159
2270,1.0
2271,0.0008508563
2272,0.00029462576
2273,0.00053694844
2274,0.05616948
2275,0.998999
2276,0.9999945
2277,1.0
2278,0.99994975
2279,0.0013717711
2280,0.99929214
2281,0.9999799
2282,1.0
2283,0.0006145835
2284,1.0
2285,0.00055390596
2286,1.0
2287,0.002270937
2288,0.0018609166
2289,0.9999986
2290,0.066672295
2291,0.028251559
2292,0.0094742775
2293,0.0020627677
2294,0.0020356774
2295,0.99562925
2296,0.001519531
2297,0.0022580624
2298,0.00071528554
2299,0.9999994
2300,0.00042527914
2301,0.014190167
2302,0.99999756
2303,0.0016370714
2304,0.99996614
2305,1.0
2306,0.0010944307
2307,1.0
2308,0.7112223
2309,0.051230967
2310,1.0
2311,0.0020177364
2312,0.00025066733
2313,0.0031012893
2314,0.9997485
2315,0.0025473833
2316,0.04350865
2317,8.821487e-06
2318,0.00038135052
2319,0.99949145
2320,0.002945274
2321,6.118417e-05
2322,0.9999497
2323,1.0
2324,0.0012465715
2325,0.009779692
2326,0.12925112
2327,0.00026381016
2328,1.0
2329,0.00029316545
2330,1.0
2331,0.0026597679
2332,0.0008877218
2333,1.0
2334,0.27756166
2335,0.0031072795
2336,0.010446221
2337,0.020207465
2338,0.35774633
2339,0.2375291
2340,0.00085920095
2341,0.006038606
2342,0.0025860965
2343,1.0
2344,0.00248608
2345,1.0
2346,0.9999927
2347,0.017317384
2348,1.874566e-05
2349,0.0020795465
2350,1.0
2351,0.9999999
2352,0.99992347
2353,0.0005020797
2354,0.9999999
2355,0.003023386
2356,0.9999995
2357,0.99999917
2358,1.0
2359,0.9593482
2360,1.7881393e-06
2361,1.0
2362,1.0
2363,0.00028255582
2364,1.0
2365,0.89742994
2366,0.0027824342
2367,1.0
2368,0.99946076
2369,0.9999926
2370,0.00037282705
2371,0.014084011
2372,0.0015913546
2373,0.0005440414
2374,0.0003772676
2375,0.0011745989
2376,0.9994372
2377,0.01814714
2378,0.00023168325
2379,0.0194197
2380,0.0019991398
2381,0.09365341
2382,1.0
2383,1.0
2384,0.9275346
2385,1.0
2386,0.0017964244
2387,0.0013117194
2388,0.00010791421
2389,0.16517183
2390,0.001857549
2391,0.9998729
2392,0.012815595
2393,8.821487e-06
2394,4.887581e-06
2395,0.0005310774
2396,0.99999976
2397,0.0018838048
2398,0.0019139051
2399,4.014373e-05
2400,0.9999918
2401,0.0011813045
2402,0.0007919967
2403,0.0012638867
2404,0.9993751
2405,0.00010186434
2406,0.00074741244
2407,0.000115931034
2408,0.0010762811
2409,0.0054887235
2410,0.1633119
2411,0.9998197
2412,1.0
2413,0.999966
2414,0.9999927
2415,0.002327919
2416,1.0
2417,1.0
2418,0.00012752414
2419,0.12763363
2420,0.9999887
2421,0.018103242
2422,0.012772113
2423,0.00079604983
2424,0.9614849
2425,1.0
2426,0.034622043
2427,0.01542303
2428,0.0018025339
2429,0.99996287
2430,0.00088748336
2431,0.00026255846
2432,0.0006566644
2433,1.0
2434,0.055004835
2435,0.0013768971
2436,0.9901221
2437,0.003243357
2438,0.0008559227
2439,0.00047820807
2440,0.92810285
2441,0.013181061
2442,0.064314365
2443,0.06193015
2444,0.053031504
2445,0.01268965
2446,0.99322677
2447,0.00047659874
2448,0.0880602
2449,0.0014627278
2450,0.0021231174
2451,1.0
2452,0.0012866855
2453,0.9999999
2454,0.9989953
2455,0.0037670434
2456,0.00036415458
2457,0.99999595
2458,1.0
2459,0.0014565885
2460,0.0010113418
2461,0.014173448
2462,0.9999038
2463,0.9999997
2464,0.0023669004
2465,0.01524955
2466,0.0011248589
2467,0.0008304417
2468,0.0019414723
2469,0.002002418
2470,1.0
2471,0.27941948
2472,0.059450477
2473,0.00013068318
2474,3.838539e-05
2475,0.9999999
2476,0.002667278
2477,0.000551492
2478,0.1465891
2479,1.0
2480,0.9370934
2481,0.002060473
2482,0.095710784
2483,0.005016148
2484,0.004229963
2485,0.0010031462
2486,4.4107437e-06
2487,0.0032547414
2488,0.99999994
2489,1.0
2490,1.0
2491,0.0002374649
2492,0.9999997
2493,1.0
2494,1.0
2495,0.1190967
2496,0.01569286
2497,0.00014716387
2498,1.0
2499,0.00057300925
2500,0.0012835264
2501,0.00041896105
2502,0.7921752
2503,0.99013036
2504,0.091698945
2505,1.0
2506,0.0014664829
2507,0.0016550422
2508,1.9788742e-05
2509,0.0020266175
2510,0.0020097494
2511,1.0
2512,0.0021814108
2513,0.042047083
2514,0.014105588
2515,0.9999985
2516,0.002524078
2517,0.0015077591
2518,0.00095787644
2519,0.9976187
2520,0.0030443966
2521,0.02316606
2522,1.0
2523,0.001185745
2524,0.999995
2525,0.9999272
2526,0.0097079575
2527,0.0558106
2528,0.0015295148
2529,8.228421e-05
2530,2.6851892e-05
2531,1.0
2532,0.0024577677
2533,0.013368487
2534,0.015096903
2535,0.0028344989
2536,0.011422306
2537,0.99995697
2538,0.0006403923
2539,0.924392
2540,0.0012634695
2541,0.003063947
2542,0.9999997
2543,6.0498714e-06
2544,4.887581e-06
2545,0.0036320388
2546,0.0009101331
2547,0.00700137
2548,0.0015986562
2549,0.0012553036
2550,0.9999975
2551,0.0006762147
2552,0.99917495
2553,1.0
2554,0.016494334
2555,0.012206912
2556,0.010149717
2557,0.0005184412
2558,0.0028522015
2559,0.78441834
2560,0.030679166
2561,0.0029125512
2562,0.43783054
2563,0.024540335
2564,0.3100509
2565,0.011419326
2566,0.0004937053
2567,0.010416359
2568,0.0008032024
2569,0.0009278655
2570,0.0012459159
2571,0.9999943
2572,0.013180494
2573,0.9999999
2574,0.0014182925
2575,1.0
2576,0.0020977855
2577,0.025666147
2578,0.0018787384
2579,0.00040569901
2580,0.00056895614
2581,0.9646425
2582,0.0023562312
2583,1.0
2584,0.0035051405
2585,0.0014475286
2586,0.0023974478
2587,0.0012092888
2588,0.014534175
2589,0.00038221478
2590,0.98026013
2591,0.013453335
2592,0.99993277
2593,0.0009587109
2594,7.072091e-05
2595,0.9999788
2596,0.0009752512
2597,0.040102184
2598,0.00022783875
2599,0.16932246
2600,0.9999528
2601,0.001306057
2602,0.015493989
2603,0.00014346838
2604,1.0
2605,0.0021810234
2606,0.82590324
2607,1.0
2608,0.0041096807
2609,0.00782612
2610,0.0006260276
2611,0.0004556775
2612,0.00015357137
2613,0.1805906
2614,0.002211094
2615,1.0
2616,1.0
2617,1.0
2618,0.99746346
2619,0.0010822713
2620,0.00045651197
2621,0.010616273
2622,0.00087830424
2623,0.002138257
2624,0.99998426
2625,0.28161642
2626,0.012825996
2627,1.0
2628,0.98326594
2629,0.012455016
2630,0.055653483
2631,0.9999999
2632,1.0
2633,0.00039818883
2634,0.9978686
2635,0.9992423
2636,0.00091415644
2637,0.40785268
2638,0.99828565
2639,0.0023131669
2640,0.0138346255
2641,0.04542169
2642,0.0019474924
2643,0.0011829138
2644,0.0045842826
2645,0.00044938922
2646,0.0013130009
2647,1.0
2648,0.00027802587
2649,0.011892378
2650,0.99999547
2651,1.0
2652,1.0
2653,1.0
2654,0.99998176
2655,0.00011372566
2656,0.00048184395
2657,0.012516737
2658,0.9999998
2659,0.010282129
2660,0.002294451
2661,0.0012979507
2662,0.998629
2663,0.0001540184
2664,0.08638075
2665,0.0012696385
2666,1.0
2667,0.0011209846
2668,0.99999857
2669,0.00049456954
2670,0.00024962425
2671,0.9999898
2672,0.0016985238
2673,1.0
2674,0.0025039017
2675,0.0108701885
2676,0.00078222156
2677,0.012844622
2678,0.00044983625
2679,0.5764879
2680,0.0011404157
2681,0.010937512
2682,1.0
2683,0.7103786
2684,0.01569897
2685,0.9999978
2686,1.0
2687,0.0007673502
2688,0.00051033497
2689,0.9999993
2690,0.0043806136
2691,0.999985
2692,0.0005146563
2693,0.013070166
2694,0.0010483563
2695,0.00871703
2696,0.014505446
2697,0.0005096495
2698,0.0035553575
2699,0.09398413
2700,0.0008318424
2701,0.9999992
2702,0.0011531711
2703,0.00042033195
2704,0.004302591
2705,0.01377663
2706,0.0120616555
2707,0.00059086084
2708,0.002959013
2709,0.0006248057
2710,0.0018741786
2711,0.9997921
2712,1.0
2713,0.0024237335
2714,0.00046125054
2715,0.99998623
2716,0.0005277395
2717,0.0020217896
2718,0.9999618
2719,0.016710252
2720,0.0017418563
2721,1.0
2722,0.99970835
2723,9.4771385e-06
2724,0.024225622
2725,0.0011878014
2726,0.0013373494
2727,0.05036521
2728,1.0
2729,0.00079119205
2730,0.0009939373
2731,0.00012126565
2732,0.00016096234
2733,0.021124631
2734,0.0006071925
2735,1.0
2736,0.014977306
2737,1.0
2738,0.0016584992
2739,0.0005080104
2740,0.0014005601
2741,0.99999976
2742,0.0005866885
2743,0.9977946
2744,0.18343738
2745,1.0
2746,0.0013023913
2747,1.0
2748,0.0011580884
2749,1.0
2750,0.9999997
2751,1.0
2752,0.001932472
2753,0.9999665
2754,0.99999845
2755,0.0009942651
2756,0.0006412864
2757,0.00025352836
2758,0.03105098
2759,0.0023164153
2760,0.99997306
2761,0.12300694
2762,0.0033166409
2763,1.0
2764,0.0011550784
2765,1.0
2766,0.0037588477
2767,0.05833146
2768,0.0010181367
2769,0.0018725693
2770,0.010903835
2771,0.0013377666
2772,0.9996143
2773,1.0
2774,0.05166918
2775,0.0026252568
2776,3.710389e-05
2777,0.8023955
2778,0.2862796
2779,1.0
2780,0.00042799115
2781,0.00093844533
2782,1.0
2783,1.0
2784,0.070614606
2785,0.004546702
2786,0.9999887
2787,0.99999964
2788,3.0398369e-05
2789,1.0
2790,0.00029069185
2791,0.99996674
2792,0.00043183565
2793,0.0009614229
2794,0.00044730306
2795,0.008361042
2796,0.012792945
2797,0.045915574
2798,0.00035098195
2799,0.9999975
2800,0.009126097
2801,1.0
2802,0.008241951
2803,1.0
2804,3.2186508e-06
2805,0.7191318
2806,0.9999938
2807,1.0
2808,1.0
2809,1.0
2810,1.0
2811,0.0013240576
2812,0.9999174
2813,0.00037899613
2814,0.9995384
2815,1.0
2816,1.0
2817,0.00024339557
2818,0.2529424
2819,1.0
2820,0.0026660264
2821,0.0012612939
2822,0.024770021
2823,0.00048330426
2824,0.047016412
2825,0.00564149
2826,3.6358833e-06
2827,0.005656004
2828,0.9997613
2829,0.9995919
2830,0.999959
2831,0.00041094422
2832,0.9988364
2833,0.013162792
2834,0.041146338
2835,0.015299499
2836,1.0
2837,0.0012916923
2838,0.00048655272
2839,1.0
2840,0.001055032
2841,0.0022571385
2842,1.0
2843,0.9999999
2844,0.0010287762
2845,0.0010592043
2846,0.0025852919
2847,0.99999505
2848,0.0047998726
2849,1.0
2850,1.0
2851,0.002456516
2852,0.049010903
2853,0.15927261
2854,0.079654604
2855,0.53796774
2856,1.0
2857,0.015343875
2858,1.0
2859,1.0
2860,0.0021343231
2861,0.7505666
2862,0.04436162
2863,0.99999523
2864,0.0011899769
2865,0.013256133
2866,0.001401633
2867,0.0012193322
2868,1.0
2869,0.9999881
2870,0.0021791458
2871,0.01590541
2872,1.0
2873,1.0
2874,0.99999976
2875,4.1544437e-05
2876,0.0013029575
2877,0.0027874112
2878,0.99999964
2879,0.9999877
2880,0.0016289055
2881,0.084736764
2882,0.013206601
2883,0.01075986
2884,0.99697757
2885,1.0
2886,0.0036919117
2887,0.14365953
2888,1.0
2889,0.00045236945
2890,0.008346379
2891,0.009442866
2892,0.06374076
2893,1.0
2894,0.001622349
2895,0.843403
2896,0.0044623613
2897,0.0013749897
2898,1.0
2899,0.014332473
2900,1.0
2901,0.004573405
2902,0.002858162
2903,0.99993753
2904,9.119511e-06
2905,0.014081687
2906,0.002902031
2907,1.0
2908,1.0
2909,0.98530865
2910,1.0
2911,0.00049963593
2912,0.0010133386
2913,0.06190017
2914,0.99994993
2915,0.0020482838
2916,1.0
2917,1.0
2918,0.93456167
2919,0.9999981
2920,1.0
2921,1.0
2922,0.99999726
2923,1.0
2924,0.0019459426
2925,1.0
2926,0.0023071766
2927,0.00048673153
2928,1.0
2929,0.9998129
2930,0.9999987
2931,0.1410917
2932,0.0010688901
2933,0.0018821955
2934,0.02238062
2935,0.0013730526
2936,1.0
2937,0.999974
2938,0.27114418
2939,0.9970895
2940,0.0069817305
2941,0.9999951
2942,8.997321e-05
2943,0.0144221485
2944,0.002531141
2945,0.0009913743
2946,0.0015386939
2947,0.9999979
2948,0.00018498302
2949,0.0012944937
2950,0.0005842149
2951,1.0
2952,0.0014564097
2953,1.0
2954,1.0
2955,0.0010315776
2956,0.024091423
2957,0.03786823
2958,0.99198925
2959,0.9999985
2960,9.983778e-06
2961,0.99955344
2962,0.005644679
2963,0.002916485
2964,0.0026527345
2965,0.00028908253
2966,0.00045901537
2967,0.007305205
2968,0.0014587343
2969,0.014457852
2970,0.0010358393
2971,0.00068101287
2972,1.0
2973,0.0013479292
2974,0.013565809
2975,1.0
2976,0.0024613142
2977,0.0027510226
2978,1.0
2979,0.00041106343
2980,0.017731756
2981,1.0
2982,0.99990106
2983,0.014161527
2984,0.00017568469
2985,0.0025034547
2986,0.016706735
2987,0.00043538213
2988,0.0013844967
2989,0.08852306
2990,0.001518637
2991,0.00090658665
2992,0.9999527
2993,0.0010837615
2994,0.9999974
2995,0.0007458925
2996,1.0
2997,0.057338774
2998,0.0025131106
2999,0.7430906
3000,0.0020453632
3001,0.0008225739
3002,0.017249942
3003,0.07373956
3004,0.012674302
3005,0.002402246
3006,0.0003235042
3007,0.00229913
3008,1.0
3009,1.0
3010,6.1392784e-06
3011,0.028781623
3012,0.0808132
3013,1.0
3014,0.0004286766
3015,0.000513047
3016,9.0032816e-05
3017,0.0051791966
3018,0.9977437
3019,0.0004323721
3020,0.09931204
3021,1.0
3022,0.00070363283
3023,0.004148066
3024,1.0
3025,0.0006712079
3026,0.99717593
3027,0.0024965703
3028,0.011045605
3029,0.9843917
3030,1.0
3031,1.0
3032,0.979869
3033,0.034325838
3034,0.000408262
3035,1.0
3036,1.0
3037,0.99996346
3038,0.9976429
3039,0.0018073916
3040,0.014832735
3041,0.0008960664
3042,1.0
3043,0.99999976
3044,0.0022024512
3045,0.00056675076
3046,1.0
3047,0.016779542
3048,0.0026886463
3049,0.9999992
3050,0.11254802
3051,6.401539e-05
3052,0.0028864145
3053,0.0012746751
3054,0.00054124
3055,0.4160657
3056,0.0019713938
3057,0.97906876
3058,0.999388
3059,0.32336235
3060,0.9999999
3061,0.1464841
3062,1.0
3063,0.015082836
3064,0.99999887
3065,1.0
3066,0.0011813641
3067,1.0
3068,0.31547618
3069,7.647276e-05
3070,0.0001077652
3071,0.99998975
3072,0.0025239885
3073,1.7881393e-06
3074,0.01196453
3075,0.005425453
3076,0.9999945
3077,0.14508393
3078,0.00050625205
3079,0.0020191371
3080,0.010207593
3081,1.0
3082,0.0074516535
3083,6.967783e-05
3084,0.99350846
3085,0.0005656779
3086,0.9999998
3087,0.003046453
3088,0.124863684
3089,0.8908347
3090,1.0
3091,0.0002078712
3092,0.01641202
3093,0.9998089
3094,1.0
3095,1.0
3096,0.8342942
3097,0.0011925995
3098,0.99999994
3099,1.0
3100,0.0011127889
3101,0.0027024448
3102,0.0014319122
3103,1.0
3104,0.26766375
3105,0.000992626
3106,0.0048678517
3107,0.9999156
3108,0.62475955
3109,0.23980322
3110,0.9969107
3111,1.0
3112,0.002453506
3113,1.0
3114,0.015204787
3115,0.0012833178
3116,0.001082331
3117,0.00023892522
3118,0.014686197
3119,0.012635678
3120,0.0007157624
3121,0.0016926527
3122,0.009989083
3123,0.003529787
3124,0.0016394854
3125,0.022199184
3126,0.22506478
3127,0.99999964
3128,0.0009849668
3129,0.013480067
3130,0.033449143
3131,0.0011453629
3132,1.0
3133,0.0005527139
3134,0.016275495
3135,1.0
3136,5.990267e-06
3137,0.21910498
3138,1.0
3139,0.000109642744
3140,0.016224623
3141,0.00029280782
3142,0.9997351
3143,0.9999691
3144,0.0011442602
3145,0.019129276
3146,1.0
3147,1.0
3148,0.99999255
3149,0.0021255016
3150,0.0012729764
3151,0.012889236
3152,1.0
3153,0.012789011
3154,1.0
3155,0.0036387146
3156,0.0004634261
3157,0.0006980896
3158,0.9999999
3159,0.9983976
3160,0.0004402995
3161,0.10542256
3162,0.000580132
3163,0.018519133
3164,1.0
3165,0.0013978183
3166,0.9999821
3167,0.0004054308
3168,0.0009975135
3169,0.014433682
3170,0.9999201
3171,0.00059744716
3172,1.0
3173,1.0
3174,0.99999607
3175,0.00086537004
3176,0.011001229
3177,0.99999607
3178,0.0024504662
3179,0.0005213022
3180,0.9999252
3181,1.0
3182,0.0050676465
3183,1.0
3184,0.001114428
3185,1.0
3186,0.013413489
3187,0.0020791888
3188,0.99999964
3189,1.0
3190,0.94006336
3191,0.00011226535
3192,0.00022879243
3193,0.00043714046
3194,0.0006478429
3195,0.00045204163
3196,0.11626935
3197,1.0
3198,0.9999913
3199,1.0
3200,0.99955404
3201,0.9999992
3202,0.9853662
3203,0.12651765
3204,0.0016679764
3205,0.99992704
3206,1.0
3207,0.9999963
3208,1.0
3209,0.00084525347
3210,0.9999505
3211,0.0031066537
3212,0.0068874955
3213,0.00040504336
3214,0.0002861023
3215,0.99999976
3216,1.0
3217,0.9999999
3218,0.014920741
3219,0.0005065203
3220,0.0073678195
3221,1.0
3222,0.0011580288
3223,0.52787733
3224,2.9534101e-05
3225,0.0013852417
3226,0.09345418
3227,0.0004374683
3228,0.0022862256
3229,0.00059464574
3230,8.0019236e-05
3231,0.0012110174
3232,0.002438128
3233,0.0010715425
3234,0.14470956
3235,0.0041280985
3236,0.09549919
3237,0.015421152
3238,0.0018295646
3239,1.0
3240,0.908329
3241,0.9999999
3242,0.999999
3243,1.0
3244,0.0020489395
3245,0.32861504
3246,3.1232834e-05
3247,0.012403548
3248,0.99953413
3249,0.002229005
3250,0.00058311224
3251,0.0022355318
3252,0.1916165
3253,0.9999974
3254,4.9203634e-05
3255,0.002273202
3256,0.00035247207
3257,0.0067935884
3258,0.9945359
3259,0.9115793
3260,0.18854237
3261,7.164478e-05
3262,1.0
3263,0.9999207
3264,0.013536394
3265,1.0
3266,0.99999946
3267,1.0
3268,5.13494e-05
3269,0.0026916862
3270,0.005807936
3271,1.0
3272,0.014106333
3273,0.01270467
3274,1.0
3275,0.00091198087
3276,8.434057e-06
3277,0.19147125
3278,0.009526908
3279,0.15583986
3280,2.115965e-06
3281,0.17668718
3282,0.0124485195
3283,0.00077426434
3284,0.040450096
3285,1.0
3286,0.01387766
3287,0.013692141
3288,0.0009792745
3289,0.00044742227
3290,0.56914705
3291,0.99999917
3292,0.00083112717
3293,0.968194
3294,0.0012444556
3295,0.0013566017
3296,0.0005110204
3297,0.5766984
3298,0.00045016408
3299,0.0029712021
3300,3.644824e-05
3301,1.0
3302,0.99999785
3303,1.3440847e-05
3304,0.07687402
3305,0.016316533
3306,0.99998045
3307,0.9996644
3308,1.0
3309,0.0010015666
3310,0.0022518933
3311,0.0017996728
3312,0.00068721175
3313,0.00025388598
3314,0.0004685223
3315,0.0010879338
3316,0.0023503602
3317,0.0006507635
3318,7.599592e-06
3319,0.9994542
3320,0.0003438294
3321,2.104044e-05
3322,0.014965117
3323,1.0
3324,0.00075113773
3325,1.0
3326,1.0
3327,1.0
3328,4.7385693e-06
3329,0.99981403
3330,0.001392901
3331,0.552347
3332,0.13132241
3333,0.010403067
3334,0.0029351115
3335,0.99718076
3336,1.0
3337,1.0
3338,0.0011107624
3339,0.0012302697
3340,1.0
3341,0.006781131
3342,1.0
3343,0.0072402656
3344,0.055800736
3345,1.0
3346,0.019050598
3347,1.0
3348,0.9997205
3349,0.9999622
3350,0.010317653
3351,0.00033068657
3352,0.00089403987
3353,1.0
3354,0.70881194
3355,0.00074002147
3356,0.00626719
3357,0.016541988
3358,0.9976555
3359,0.0016652942
3360,0.0018896163
3361,0.0005121231
3362,2.631545e-05
3363,0.9999998
3364,0.00093501806
3365,0.00052288175
3366,1.0
3367,0.0010484457
3368,1.0
3369,0.99993527
3370,1.0
3371,0.0017175078
3372,0.0002718866
3373,0.40284145
3374,0.0012052357
3375,0.012870431
3376,0.00052666664
3377,0.00046733022
3378,2.3782253e-05
3379,1.0
3380,0.99999976
3381,0.013981819
3382,0.0025654435
3383,0.0016966462
3384,0.51375085
3385,1.0
3386,0.02227676
3387,0.9957446
3388,0.00035822392
3389,1.0
3390,0.09854931
3391,0.9999528
3392,1.0
3393,0.00036597252
3394,0.00047963858
3395,0.11635855
3396,1.0
3397,0.00051507354
3398,0.0003158152
3399,0.040774614
3400,1.0
3401,0.999892
3402,0.9998516
3403,0.816481
3404,0.058143497
3405,0.0046539605
3406,0.016741812
3407,0.9999927
3408,0.9999138
3409,0.00043204427
3410,1.0
3411,0.001226753
3412,0.0020568967
3413,0.99999994
3414,1.0
3415,0.012226254
3416,0.001963973
3417,0.0044834316
3418,4.3988228e-05
3419,0.013913184
3420,0.0018307865
3421,1.0
3422,0.0042562783
3423,0.99999654
3424,0.00026115775
3425,0.982529
3426,1.0
3427,0.00010624528
3428,0.0011766851
3429,0.0005836785
3430,0.00040513277
3431,0.0005354285
3432,0.0003517568
3433,1.0
3434,0.00037172437
3435,0.0026161075
3436,0.0046477914
3437,0.039127856
3438,0.013314098
3439,1.0
3440,0.011028886
3441,1.0
3442,1.0
3443,0.9983393
3444,0.0010393858
3445,1.0
3446,0.014764756
3447,0.0016633272
3448,0.013799876
3449,0.00052282214
3450,1.0
3451,0.001881659
3452,0.001578182
3453,0.008735955
3454,0.13519675
3455,1.0
3456,0.99996114
3457,0.042120457
3458,0.00436911
3459,1.0
3460,0.23293269
3461,1.0
3462,0.9896961
3463,1.0
3464,0.0023527443
3465,0.001663804
3466,0.019984543
3467,0.21859258
3468,0.0012853146
3469,0.013141364
3470,0.001822263
3471,9.417534e-06
3472,1.0
3473,0.00069627166
3474,0.00045365095
3475,0.017445117
3476,0.0050837398
3477,0.0004953742
3478,1.8447638e-05
3479,1.0
3480,1.0
3481,0.0004724264
3482,0.012090683
3483,1.0
3484,0.9981661
3485,0.0020111203
3486,0.0003838241
3487,0.99938214
3488,0.05317381
3489,0.01587528
3490,0.0028302968
3491,1.0
3492,0.01410225
3493,0.0024973154
3494,0.0008609295
3495,0.13115636
3496,0.0003246367
3497,0.99998516
3498,0.0009135008
3499,0.0016076863
3500,0.0018923879
3501,1.0
3502,0.0044499636
3503,0.0020072162
3504,0.9973388
3505,0.16177434
3506,0.99998766
3507,0.0037747324
3508,0.0017338991
3509,0.96670437
3510,0.01569435
3511,0.0013886094
3512,0.0010095537
3513,0.0007427931
3514,0.00085169077
3515,0.0016825497
3516,0.047148436
3517,0.99999976
3518,1.0
3519,0.0023708642
3520,0.00050497055
3521,1.0
3522,0.00048828125
3523,0.0004978478
3524,1.0
3525,0.00081062317
3526,0.9999993
3527,0.000472337
3528,1.0
3529,0.011083424
3530,1.0
3531,0.0005662441
3532,0.013732582
3533,0.0006453097
3534,0.00032433867
3535,0.02451545
3536,0.026192248
3537,1.1473894e-05
3538,0.0005443394
3539,1.0
3540,0.0003902614
3541,0.0011285841
3542,0.0009698868
3543,0.00084638596
3544,0.98666143
3545,0.012131453
3546,0.00035616755
3547,0.9957988
3548,0.9995097
3549,0.023120701
3550,0.00019299984
3551,0.0010643005
3552,1.0
3553,1.0
3554,0.00045531988
3555,0.010170668
3556,0.0015363693
3557,5.364418e-07
3558,1.0
3559,0.0008352697
3560,1.0
3561,0.03059876
3562,0.006177634
3563,0.0014807582
3564,0.9530872
3565,0.003203243
3566,0.009107292
3567,1.0
3568,0.002369374
3569,0.00054371357
3570,0.0020665824
3571,1.0
3572,0.0037961006
3573,0.0018862486
3574,1.0
3575,0.998881
3576,0.016102284
3577,0.011151522
3578,0.001927346
3579,1.0
3580,0.99921453
3581,0.013193339
3582,0.0018936992
3583,0.010403633
3584,0.00050872564
3585,3.9607286e-05
3586,0.9925628
3587,0.014067948
3588,0.00012296438
3589,0.99996024
3590,0.9999955
3591,0.00053313375
3592,0.7745358
3593,0.9999504
3594,1.0
3595,1.0
3596,0.023968667
3597,0.99995816
3598,0.99878323
3599,0.0016233325
3600,0.01986739
3601,0.016091496
3602,0.0016296506
3603,0.000985533
3604,0.99988174
3605,0.020125598
3606,1.0
3607,1.0
3608,1.0
3609,0.99999
3610,0.09967956
3611,0.00046899915
3612,0.0003924966
3613,1.0
3614,1.0
3615,0.035869807
3616,0.97095084
3617,0.020660311
3618,1.0
3619,0.011180043
3620,0.0007980168
3621,0.0003017485
3622,0.012855709
3623,0.0004374981
3624,0.013145715
3625,1.0
3626,0.00096943974
3627,0.0013970137
3628,0.01597026
3629,0.9969157
3630,0.013504416
3631,0.0024389625
3632,0.0009843111
3633,0.014487028
3634,0.00143978
3635,0.010599762
3636,3.1888485e-06
3637,0.99999994
3638,0.8727783
3639,1.0
3640,8.612871e-05
3641,0.008836806
3642,0.015897483
3643,0.99002033
3644,0.0004989207
3645,0.0019218326
3646,1.0
3647,0.99992454
3648,5.8948994e-05
3649,0.00053194165
3650,0.00058561563
3651,0.9999992
3652,9.006262e-05
3653,0.001134783
3654,0.00736174
3655,0.0005334914
3656,0.0016120076
3657,1.0
3658,0.0017043948
3659,0.12257397
3660,0.0003347993
3661,0.07641402
3662,0.0008891523
3663,1.0
3664,0.9999872
3665,0.0028906167
3666,0.55634487
3667,0.00012794137
3668,0.039759785
3669,0.9942632
3670,0.0012381673
3671,0.18774232
3672,0.9999569
3673,0.013406038
3674,0.0028370917
3675,0.015854716
3676,1.0
3677,0.0170556
3678,0.00051790476
3679,0.9999963
3680,1.0
3681,1.0
3682,0.00030314922
3683,0.0063482523
3684,0.010777354
3685,1.0
3686,0.9999841
3687,0.00043556094
3688,1.0
3689,0.0009497702
3690,0.0012433529
3691,1.0
3692,1.0
3693,1.0
3694,0.0048531294
3695,0.00076428056
3696,0.99999994
3697,0.014694959
3698,0.006754935
3699,0.001028806
3700,0.28356975
3701,0.99999994
3702,1.0
3703,1.0
3704,0.3339268
3705,1.0
3706,0.9999925
3707,0.011388063
3708,0.72247326
3709,1.0
3710,0.013470858
3711,0.9964577
3712,0.010130048
3713,0.00010368228
3714,1.0
3715,0.0016263127
3716,0.0008750558
3717,0.9995477
3718,0.0005168021
3719,0.016488642
3720,0.98816645
3721,0.00011539459
3722,0.000487715
3723,1.0
3724,0.06569672
3725,0.00043034554
3726,0.0003492236
3727,0.0011888146
3728,0.0011495054
3729,9.864569e-06
3730,0.9999969
3731,0.0010686219
3732,0.00044068694
3733,0.000533998
3734,0.99999744
3735,0.001608938
3736,0.9999999
3737,0.0003632009
3738,0.00095051527
3739,1.0
3740,0.15129411
3741,0.0005312264
3742,0.0017893016
3743,0.9999965
3744,0.014836639
3745,0.9985795
3746,0.0016520321
3747,0.0008325577
3748,1.0
3749,1.0
3750,0.02682659
3751,0.0018173754
3752,1.0
3753,0.0037723184
3754,1.0
3755,1.0
3756,0.0342654
3757,0.11176562
3758,0.9942783
3759,0.117771536
3760,0.26484492
3761,0.99080026
3762,0.012998581
3763,1.0
3764,0.0021608174
3765,1.0
3766,0.00281322
3767,0.792628
3768,0.024395019
3769,0.0005493462
3770,0.007374525
3771,0.00089251995
3772,0.0032050014
3773,3.7252903e-06
3774,1.0
3775,0.013847262
3776,0.07195723
3777,0.9999567
3778,0.00046360493
3779,0.0017208755
3780,0.0038876832
3781,0.0008972287
3782,0.014736205
3783,1.0
3784,0.0018791556
3785,1.0
3786,1.0
3787,0.9999217
3788,0.01656878
3789,0.001000613
3790,1.0
3791,0.0012340844
3792,1.0
3793,0.99998504
3794,0.0004954636
3795,0.014444619
3796,0.0052922964
3797,0.99993324
3798,1.0
3799,0.9983951
3800,0.002802223
3801,0.0001128912
3802,1.0
3803,0.031114519
3804,1.0
3805,0.045328557
3806,0.0003004372
3807,0.000456959
3808,0.000878036
3809,0.0010319352
3810,0.00015422702
3811,0.0014247
3812,0.9999956
3813,0.9999999
3814,0.0111297965
3815,0.9999931
3816,0.55771977
3817,0.0007060766
3818,1.0
3819,0.030624926
3820,0.0021490753
3821,0.9999994
3822,1.0
3823,0.99999684
3824,0.007187575
3825,0.0037169755
3826,0.0019051731
3827,0.9999997
3828,1.0
3829,0.012905896
3830,1.0
3831,0.01627639
3832,0.9999997
3833,1.0
3834,0.0051391423
3835,0.99981606
3836,0.001776725
3837,0.0022681355
3838,0.0072058737
3839,0.008687407
3840,0.9694563
3841,1.0
3842,0.99455994
3843,0.9998127
3844,0.0023179948
3845,0.9986533
3846,0.001427114
3847,0.00051271915
3848,0.000459373
3849,7.069111e-05
3850,0.0024573505
3851,0.00053074956
3852,0.99999976
3853,0.017519891
3854,1.0
3855,0.0012179911
3856,1.1593103e-05
3857,0.08964047
3858,0.024726748
3859,0.12067747
3860,0.034437984
3861,0.99999756
3862,0.999981
3863,0.0015355945
3864,0.0009587705
3865,1.0
3866,0.013189465
3867,0.0011947155
3868,0.9999857
3869,0.00040900707
3870,0.015145034
3871,0.011531591
3872,0.0021273792
3873,0.00043800473
3874,0.015984535
3875,1.0
3876,0.0011976063
3877,0.99321544
3878,0.0004107356
3879,0.00039446354
3880,0.000880301
3881,0.9999994
3882,0.9893166
3883,0.99929065
3884,0.0005303025
3885,0.0013107955
3886,0.9423593
3887,0.9999999
3888,0.9267183
3889,0.064973444
3890,0.00199309
3891,0.032209635
3892,0.98889077
3893,0.00037240982
3894,1.0
3895,0.0017653704
3896,0.99967724
3897,1.0
3898,0.000816077
3899,0.020789623
3900,0.9999989
3901,0.013183653
3902,0.017424226
3903,3.835559e-05
3904,1.0
3905,1.0
3906,5.185604e-06
3907,1.0
3908,1.0
3909,1.0
3910,0.92595625
3911,1.0
3912,0.000277102
3913,0.002800852
3914,1.0
3915,0.004416615
3916,0.023550808
3917,0.0119974315
3918,0.99996305
3919,0.01931265
3920,0.0010136366
3921,2.4706125e-05
3922,0.013720423
3923,0.9810852
3924,0.002998352
3925,1.0
3926,0.042928785
3927,0.00045526028
3928,0.0007084608
3929,0.00037127733
3930,1.0
3931,0.010416061
3932,0.06425443
3933,1.0
3934,1.0
3935,0.9999993
3936,0.00043290854
3937,1.0
3938,0.9887439
3939,1.0
3940,1.0
3941,0.024043798
3942,0.0031976104
3943,0.44439697
3944,0.001719296
3945,0.91399133
3946,0.09025237
3947,0.0031095743
3948,0.00070115924
3949,0.00052657723
3950,0.00526008
3951,0.0015684962
3952,0.0011395812
3953,0.99997497
3954,0.002066195
3955,0.99999845
3956,1.0
3957,0.012102574
3958,1.0
3959,0.00090003014
3960,0.057850927
3961,0.76067567
3962,0.9999998
3963,0.0019726753
3964,0.013742715
3965,0.0013073981
3966,0.029598743
3967,0.0019613802
3968,1.0
3969,1.0
3970,0.00055220723
3971,0.011193335
3972,0.99999475
3973,0.000290066
3974,0.000982821
3975,0.0018008947
3976,0.017158419
3977,0.00045624375
3978,0.0005095303
3979,0.013877004
3980,0.0010530353
3981,0.0001899302
3982,0.013104618
3983,1.0
3984,0.12893337
3985,0.00031766295
3986,0.0004939735
3987,1.0
3988,0.15961319
3989,0.017643213
3990,0.013715059
3991,0.036744982
3992,0.91019404
3993,1.0
3994,0.00037023425
3995,0.99989665
3996,0.0027594268
3997,0.0012458563
3998,0.0054534674
3999,0.00043711066
4000,0.029349506
4001,1.0
4002,0.19923598
4003,0.9999775
4004,0.017267793
4005,0.00039362907
4006,0.0020713508
4007,0.0024713278
4008,2.8014183e-06
4009,0.0006663501
4010,0.001799792
4011,0.99999964
4012,0.0011979043
4013,0.0018351674
4014,0.99999607
4015,0.00013232231
4016,0.0005148351
4017,0.9999962
4018,0.0023407042
4019,1.0
4020,0.0166803
4021,0.0029827654
4022,0.0009769201
4023,1.0
4024,0.00028637052
4025,0.9999999
4026,0.00027480721
4027,0.016393602
4028,1.0
4029,1.0
4030,0.0022896528
4031,1.0
4032,1.0
4033,0.00045585632
4034,1.0
4035,0.0345802
4036,0.99776495
4037,0.0026067197
4038,0.9999279
4039,0.9999995
4040,0.0003501475
4041,1.0
4042,0.001499027
4043,0.834287
4044,0.0024052262
4045,0.00078094006
4046,4.5597553e-05
4047,0.0010953844
4048,0.0033962429
4049,0.00042036176
4050,0.99999845
4051,1.0
4052,0.9999881
4053,0.014325857
4054,0.00246948
4055,8.85129e-06
4056,0.99999845
4057,0.0016597211
4058,0.0020018518
4059,0.00026893616
4060,0.012205899
4061,1.0
4062,0.0011779964
4063,0.99635553
4064,1.0
4065,0.017149389
4066,0.0005363524
4067,0.9998652
4068,0.0010052323
4069,0.00032156706
4070,0.0021882057
4071,0.0029514134
4072,0.040816873
4073,0.00068598986
4074,0.000331223
4075,0.028614223
4076,0.0019030571
4077,0.00080907345
4078,0.0005264878
4079,0.00046163797
4080,0.9999994
4081,0.0415774
4082,0.0012291074
4083,0.0008445382
4084,1.0
4085,0.99999917
4086,0.0017564893
4087,0.00027289987
4088,0.00023955107
4089,0.0022723377
4090,0.00063738227
4091,1.0
4092,0.9974359
4093,0.0013027191
4094,0.999997
4095,0.26949465
4096,1.0
4097,7.387996e-05
4098,0.0035679936
4099,0.00052031875
4100,0.0029234886
4101,0.9999999
4102,0.00046089292
4103,0.028710902
4104,0.9980353
4105,0.0002900064
4106,0.014844358
4107,0.9999963
4108,0.9999971
4109,1.0
4110,1.0
4111,0.00028833747
4112,0.00071167946
4113,0.0023342073
4114,0.00044694543
4115,0.002180338
4116,0.00027140975
4117,0.8071544
4118,1.0
4119,1.0
4120,0.9999951
4121,0.0005270541
4122,1.0
4123,0.0015235841
4124,1.0
4125,0.15159369
4126,0.025150955
4127,0.0008302629
4128,0.9993055
4129,6.401539e-05
4130,0.061725974
4131,0.005386889
4132,0.0004721284
4133,0.5676448
4134,0.9991041
4135,0.0010370016
4136,0.9999999
4137,0.0004852116
4138,0.99999964
4139,0.00026637316
4140,0.2183043
4141,0.0009224713
4142,1.0
4143,0.0008466244
4144,0.00048032403
4145,0.9999726
4146,9.655952e-06
4147,0.00042822957
4148,0.006742358
4149,0.0020563304
4150,0.95060366
4151,1.0
4152,0.0007737577
4153,0.0016414821
4154,0.999992
4155,0.019073516
4156,0.0024066865
4157,0.009295672
4158,0.0122464
4159,0.99624574
4160,1.0
4161,0.0015803576
4162,0.00090268254
4163,0.00024807453
4164,0.99996763
4165,0.0016634762
4166,0.00044468045
4167,0.9999595
4168,1.0
4169,0.00053581595
4170,0.99999994
4171,0.0010878444
4172,1.0
4173,0.004634589
4174,0.006797582
4175,1.0
4176,0.0005183816
4177,0.99992764
4178,0.9999977
4179,0.0014979541
4180,1.0
4181,1.0
4182,0.0014229119
4183,0.9998634
4184,0.013133436
4185,1.0
4186,1.0
4187,0.00028717518
4188,6.979704e-05
4189,0.99991167
4190,0.00045096874
4191,5.248189e-05
4192,0.00027006865
4193,0.99872625
4194,0.55693793
4195,0.9999689
4196,1.0
4197,0.9999531
4198,0.00055617094
4199,0.014276445
4200,0.9999826
4201,0.021546543
4202,0.0011224747
4203,0.0027568936
4204,0.0013341606
4205,0.02826652
4206,0.14596477
4207,0.21486387
4208,0.00047579408
4209,0.0029704273
4210,0.99741757
4211,0.99931324
4212,0.00036910176
4213,0.0036509335
4214,0.9914023
4215,0.008916587
4216,1.0
4217,0.0019349456
4218,0.037471235
4219,0.0036593676
4220,0.0008638799
4221,1.0
4222,0.9999999
4223,0.00027880073
4224,9.697676e-05
4225,0.00043872
4226,0.00039497018
4227,7.8469515e-05
4228,0.9999292
4229,0.00042009354
4230,1.0
4231,3.07858e-05
4232,0.0018479526
4233,1.0
4234,0.0009716451
4235,0.00058326125
4236,0.009743512
4237,1.0
4238,0.024180949
4239,0.00050216913
4240,3.9339066e-06
4241,1.0
4242,0.0021381676
4243,1.0
4244,0.0012795031
4245,0.99999905
4246,0.9994455
4247,1.0
4248,0.99997944
4249,0.009281516
4250,0.0023158789
4251,0.8791975
4252,0.0028173327
4253,0.0020987093
4254,0.017047495
4255,0.012829989
4256,0.07662949
4257,1.0
4258,0.11501318
4259,0.0016390979
4260,0.13204572
4261,1.0
4262,1.0
4263,0.23044038
4264,1.0
4265,1.0
4266,0.0014659762
4267,0.0007888675
4268,1.0
4269,0.005074203
4270,0.0009406209
4271,0.9999653
4272,0.002614826
4273,0.0020079613
4274,0.0024047196
4275,0.99999285
4276,0.002971232
4277,1.0
4278,0.9999999
4279,0.9999868
4280,0.002256304
4281,0.0091769695
4282,0.99965626
4283,0.0028039813
4284,0.002124697
4285,0.001177907
4286,0.0027411878
4287,0.0017116964
4288,0.0003964305
4289,0.17537892
4290,0.0010326803
4291,0.0007354915
4292,0.0016209781
4293,0.0002323091
4294,1.0
4295,0.9999895
4296,0.80368257
4297,0.7763188
4298,1.0
4299,0.5163873
4300,1.0
4301,0.00041669607
4302,0.0016278625
4303,0.000954777
4304,0.9978169
4305,0.0029520392
4306,0.0012201965
4307,0.04488784
4308,0.9997188
4309,0.99999994
4310,0.0011930764
4311,1.0
4312,0.0012925863
4313,0.00088873506
4314,0.0008850992
4315,1.0
4316,1.0
4317,1.0
4318,0.000695467
4319,0.0011540055
4320,0.014398515
4321,0.015616775
4322,6.428361e-05
4323,1.0
4324,0.073422045
4325,1.0
4326,0.0024656653
4327,0.0026405752
4328,1.0
4329,0.014241248
4330,0.0007211864
4331,1.0
4332,0.00682503
4333,0.0023425817
4334,0.00039058924
4335,0.00416252
4336,0.9999999
4337,1.0
4338,0.9944544
4339,0.0005091429
4340,0.0047748387
4341,0.0143306255
4342,0.0025079846
4343,1.0
4344,0.99994314
4345,0.00010430813
4346,0.9999975
4347,0.0011607707
4348,0.0024729073
4349,1.5616417e-05
4350,0.5085537
4351,0.0011215508
4352,0.002024144
4353,1.0
4354,1.0
4355,0.0053127706
4356,0.9996214
4357,0.0011697114
4358,0.003921777
4359,0.00079616904
4360,1.0
4361,0.29810596
4362,0.0002848804
4363,1.0
4364,0.99995315
4365,0.0005068779
4366,0.0013664067
4367,0.0016503036
4368,0.0004864037
4369,0.00050503016
4370,1.0
4371,0.0033685267
4372,4.0620565e-05
4373,0.9999988
4374,1.0
4375,1.0
4376,0.025644958
4377,0.0004041195
4378,0.00079864264
4379,0.0003580749
4380,0.99663293
4381,0.0045657754
4382,0.99999845
4383,0.999953
4384,0.0006917715
4385,0.0024128854
4386,0.0013445318
4387,0.99999857
4388,0.01207751
4389,0.0030567944
4390,0.1483979
4391,0.0040640235
4392,0.0043491125
4393,1.0
4394,0.013437182
4395,0.015486985
4396,0.0015669167
4397,0.19026425
4398,0.02005738
4399,5.507469e-05
4400,0.0035933554
4401,0.0010802746
4402,0.16239554
4403,0.0010724366
4404,0.05070114
4405,0.0015259981
4406,1.0
4407,0.002802074
4408,0.9999569
4409,0.00029087067
4410,0.00089749694
4411,0.9510112
4412,1.0
4413,0.001506418
4414,0.99999666
4415,0.0035954416
4416,0.00086802244
4417,0.9999498
4418,0.9896991
4419,0.023437947
4420,0.0042274
4421,0.00028708577
4422,0.001601547
4423,0.013219923
4424,0.9991809
4425,0.02007407
4426,0.9869046
4427,0.015590817
4428,1.0
4429,0.0013791323
4430,0.99999857
4431,1.0
4432,0.00021371245
4433,0.016184568
4434,1.0
4435,0.0028949976
4436,1.0
4437,0.002828896
4438,0.99999994
4439,1.0
4440,0.0046263933
4441,0.0011435449
4442,1.0
4443,0.0004364252
4444,0.00064244866
4445,0.0010187626
4446,0.00048679113
4447,2.0563602e-05
4448,0.999925
4449,1.0
4450,0.012435615
4451,0.0004581511
4452,0.99999547
4453,0.05071354
4454,0.0012736022
4455,0.016875833
4456,0.99993676
4457,0.9999071
4458,0.0010947585
4459,0.05090353
4460,1.0
4461,0.012315035
4462,0.0024142861
4463,0.0005619526
4464,3.1888485e-06
4465,0.0153009
4466,0.0026055574
4467,0.00047394633
4468,0.0023669004
4469,0.00050649047
4470,0.99999976
4471,1.0
4472,0.0045534074
4473,0.000723958
4474,0.99997944
4475,0.99998975
4476,0.99994916
4477,1.0
4478,1.0
4479,0.0022329688
4480,0.9999872
4481,1.0
4482,0.00046274066
4483,0.016746312
4484,0.00025627017
4485,0.00053602457
4486,0.20084319
4487,1.0
4488,0.0023407042
4489,0.00026199222
4490,0.9998213
4491,0.0013716221
4492,0.00013303757
4493,0.0025093853
4494,0.00015875697
4495,0.016213119
4496,0.00017121434
4497,0.0009266734
4498,1.0
4499,0.17520288
4500,0.99999946
4501,0.99998677
4502,0.0012551546
4503,0.031006545
4504,1.0
4505,0.000924319
4506,0.0015952885
4507,0.015834183
4508,0.00058314204
4509,0.0018504858
4510,0.0030668676
4511,0.0023881793
4512,0.4065767
4513,0.0024963915
4514,0.0009044111
4515,1.0
4516,0.007230401
4517,0.001525253
4518,0.9755788
4519,1.0
4520,0.0010150373
4521,0.007751018
4522,0.010463834
4523,0.0016908348
4524,0.0012516677
4525,0.0017191768
4526,0.0020360947
4527,0.10645041
4528,0.99999833
4529,0.000349015
4530,0.013299167
4531,0.22434074
4532,0.013469875
4533,0.009389937
4534,0.028960794
4535,0.00048461556
4536,0.9999999
4537,0.9889307
4538,0.58460903
4539,0.14710292
4540,0.0015752017
4541,0.005335331
4542,1.0
4543,0.002495855
4544,0.034612685
4545,0.99749047
4546,0.00051006675
4547,1.3113022e-06
4548,1.0
4549,1.0
4550,1.0
4551,0.002683252
4552,1.0
4553,1.0
4554,1.0
4555,4.351139e-05
4556,0.9999912
4557,7.7188015e-05
4558,0.000775218
4559,0.00024852157
4560,1.0
4561,0.0022948384
4562,0.12433547
4563,0.99999535
4564,0.013206482
4565,0.0029307306
4566,0.038436443
4567,0.0009557903
4568,0.0009990036
4569,0.9999993
4570,0.0028071404
4571,0.99994916
4572,0.00037062168
4573,0.00044453144
4574,0.0010701716
4575,1.0
4576,0.9999999
4577,0.6990493
4578,0.0004899204
4579,0.00048449636
4580,0.008297682
4581,0.00046047568
4582,0.0005595684
4583,0.00053334236
4584,0.0007725656
4585,0.0023508966
4586,0.99994797
4587,1.0
4588,0.0003208816
4589,0.9999901
4590,1.0
4591,0.011218756
4592,0.999667
4593,0.00026768446
4594,1.0
4595,0.0011892915
4596,0.008793116
4597,0.025747389
4598,0.0014469624
4599,0.0010297894
4600,0.99995494
4601,0.0012955368
4602,0.0032676458
4603,0.0012973845
4604,0.012157619
4605,0.99999976
4606,0.99995214
4607,0.00494048
4608,0.014313549
4609,0.99999857
4610,0.00032135844
4611,0.020111948
4612,0.9999778
4613,0.019969314
4614,1.0
4615,0.026735663
4616,1.0
4617,0.0006080568
4618,0.002913028
4619,0.002020955
4620,0.00062695146
4621,0.00047072768
4622,1.0
4623,0.009736568
4624,0.00088208914
4625,1.8954277e-05
4626,0.98513454
4627,0.00039595366
4628,0.9999636
4629,0.17206192
4630,0.9999181
4631,0.017199934
4632,0.0021294951
4633,0.0010203421
4634,0.0020118356
4635,0.00017499924
4636,0.022392452
4637,0.0012657344
4638,1.6719103e-05
4639,1.0
4640,0.9999975
4641,0.0020774305
4642,0.0008904636
4643,0.64742494
4644,0.009303182
4645,0.9999993
4646,0.99934995
4647,0.022551477
4648,1.0
4649,0.99990195
4650,1.0
4651,0.9999907
4652,0.999895
4653,5.057454e-05
4654,1.0
4655,2.6255846e-05
4656,0.9999937
4657,0.14379302
4658,0.9999646
4659,0.9947209
4660,0.00081864
4661,0.004891932
4662,0.00016263127
4663,0.20568252
4664,0.0640448
4665,0.014631718
4666,0.0012721717
4667,0.9999635
4668,0.025971651
4669,0.9999987
4670,0.0032390952
4671,0.012823433
4672,9.1046095e-05
4673,0.04542789
4674,0.0064507723
4675,1.0
4676,0.013586551
4677,5.865097e-05
4678,0.9999999
4679,0.0010474324
4680,0.001709938
4681,0.5384386
4682,1.0
4683,1.0
4684,0.0013895035
4685,0.00070509315
4686,0.0012616217
4687,0.22585276
4688,1.0
4689,0.013231337
4690,0.00025480986
4691,9.468198e-05
4692,0.0003465712
4693,0.013958573
4694,0.00039613247
4695,0.0004453063
4696,1.0
4697,0.002809614
4698,4.4703484e-06
4699,7.262826e-05
4700,0.0011374652
4701,0.0022676587
4702,0.99995744
4703,0.0023153722
4704,0.0003030002
4705,0.0049019456
4706,0.0021811128
4707,0.0022520125
4708,0.01371032
4709,0.015247971
4710,0.00048401952
4711,0.00046274066
4712,7.778406e-06
4713,1.0
4714,0.000482589
4715,0.0047674775
4716,0.00034108758
4717,0.99980855
4718,5.7190657e-05
4719,0.089606285
4720,0.0023226142
4721,0.0027353466
4722,0.0013323724
4723,0.0016064942
4724,0.012410194
4725,0.00812605
4726,0.0007532835
4727,0.9786562
4728,1.0
4729,0.076081395
4730,0.008264899
4731,1.0
4732,0.0021823347
4733,0.15426984
4734,0.9999267
4735,0.0018412471
4736,0.00071132183
4737,0.00038048625
4738,1.0
4739,1.0
4740,1.0
4741,1.0
4742,0.014010221
4743,1.0
4744,0.00035858154
4745,0.9921905
4746,0.05593583
4747,0.62826395
4748,0.007771641
4749,0.00027778745
4750,0.0028039217
4751,0.9798951
4752,0.0014771521
4753,0.19506466
4754,0.0011836588
4755,1.0
4756,0.06721601
4757,0.0015581846
4758,0.0062000155
4759,0.0136013925
4760,0.0004938543
4761,1.0
4762,1.0
4763,0.00045511127
4764,0.03150919
4765,0.0022678971
4766,0.9999969
4767,0.04716134
4768,0.988089
4769,7.5519085e-05
4770,0.004280597
4771,0.99828756
4772,0.9999509
4773,0.99999976
4774,0.0071620047
4775,0.0011225045
4776,0.0052005947
4777,0.99938357
4778,0.013912767
4779,0.038246155
4780,1.0
4781,1.0
4782,0.086049855
4783,0.0007760227
4784,0.00011730194
4785,0.0048312247
4786,1.0
4787,0.0005981326
4788,0.010957539
4789,1.0
4790,0.0036331415
4791,0.0024388433
4792,0.7085085
4793,1.0
4794,0.9999958
4795,0.9999999
4796,0.0021885335
4797,0.0117737055
4798,0.0023114085
4799,0.06955305
4800,1.0
4801,0.0022790432
4802,0.7298615
4803,0.13271838
4804,0.99985945
4805,0.0012860298
4806,0.010275006
4807,1.0
4808,7.1018934e-05
4809,0.002245605
4810,1.0
4811,0.0012577176
4812,0.00042271614
4813,0.0012862682
4814,0.0025531352
4815,1.0
4816,0.6607545
4817,0.00029453635
4818,0.0024766326
4819,0.0003953576
4820,1.0
4821,0.9999849
4822,0.00026202202
4823,1.579523e-05
4824,0.00046771765
4825,0.0030239522
4826,0.0024200678
4827,0.0023055077
4828,1.4156103e-05
4829,0.0004606843
4830,0.002589345
4831,0.99501306
4832,1.0
4833,0.999995
4834,1.0
4835,0.027356684
4836,0.0016054809
4837,0.0011056066
4838,0.0023226142
4839,1.0
4840,0.0005939901
4841,0.0004887581
4842,0.012248188
4843,0.0020026863
4844,1.0
4845,1.0
4846,0.0007006824
4847,0.0009877384
4848,0.054752976
4849,0.006627947
4850,0.2355046
4851,0.0014878213
4852,7.712841e-05
4853,0.03834188
4854,0.9999572
4855,1.0
4856,0.06755063
4857,0.020667344
4858,0.03889239
4859,0.0004336238
4860,1.0
4861,2.3841858e-07
4862,0.026986927
4863,0.9999989
4864,0.002235353
4865,0.0011467338
4866,0.99135715
4867,0.012180179
4868,0.0014461279
4869,0.241862
4870,0.9999465
4871,0.015087366
4872,1.0
4873,1.0
4874,0.00018414855
4875,0.99995124
4876,0.0010319948
4877,1.0
4878,0.0038672686
4879,0.00013047457
4880,1.0
4881,0.6072266
4882,0.00065103173
4883,0.0013313293
4884,0.021382928
4885,1.0
4886,0.0003347695
4887,0.0016027987
4888,0.019235998
4889,0.99999917
4890,0.005817294
4891,0.0012749732
4892,0.0019716918
4893,1.0
4894,0.99999976
4895,0.9999467
4896,1.0
4897,0.0015615523
4898,0.016412646
4899,1.0639429e-05
4900,0.00056919456
4901,1.0
4902,0.002603501
4903,0.0024045706
4904,0.01655078
4905,1.0
4906,0.00048571825
4907,0.06387073
4908,0.0020001829
4909,0.99999195
4910,0.0011398196
4911,0.011804581
4912,0.0055903196
4913,0.14419988
4914,0.0025972724
4915,1.0
4916,0.002414465
4917,0.00047326088
4918,0.96966875
4919,0.00035330653
4920,0.47934562
4921,0.001508832
4922,0.00012233853
4923,0.0001886785
4924,0.018949956
4925,0.0002667606
4926,1.2814999e-06
4927,1.0
4928,0.9999089
4929,0.00039565563
4930,0.00016734004
4931,1.0
4932,0.99999684
4933,0.0005072057
4934,1.0
4935,0.95790845
4936,1.0
4937,1.0
4938,0.0040590763
4939,0.057983488
4940,0.07446545
4941,0.9999456
4942,1.0
4943,1.0
4944,0.014703542
4945,0.99999666
4946,0.002274692
4947,0.0023356974
4948,0.00043672323
4949,0.0022670627
4950,0.0005411804
4951,0.001886636
4952,0.0006391108
4953,0.010345519
4954,0.9999826
4955,0.015542954
4956,1.0
4957,0.0027906597
4958,0.14404571
4959,0.00027272105
4960,0.004635662
4961,0.011472285
4962,0.015556753
4963,0.0038880408
4964,0.0043430626
4965,0.99992657
4966,0.0002952516
4967,1.0
4968,0.99999547
4969,1.0
4970,0.015957743
4971,0.018794417
4972,1.0
4973,5.632639e-06
4974,0.02164787
4975,0.00033596158
4976,7.4505806e-07
4977,0.0018417239
4978,0.0013164282
4979,1.0
4980,0.0004028082
4981,0.000279814
4982,0.023487478
4983,0.0016364753
4984,0.00040656328
4985,0.00012522936
4986,0.99995995
4987,0.7460913
4988,0.00013574958
4989,1.552701e-05
4990,0.99999183
4991,0.00045901537
4992,1.0
4993,0.013290405
4994,0.00045192242
4995,0.057691067
4996,0.9985109
4997,0.0059463084
4998,0.0018526912
4999,1.0
5000,1.0
5001,0.0026712418
5002,0.99999833
5003,1.0
5004,0.99999607
5005,0.01411885
5006,0.0044953823
5007,0.001083225
5008,0.0042529106
5009,1.0
5010,0.0009897053
5011,0.00084742904
5012,1.0
5013,1.0
5014,0.002448231
5015,0.0016105175
5016,0.0009777844
5017,3.3974648e-05
5018,0.000100016594
5019,1.0
5020,1.0
5021,3.993511e-06
5022,1.0
5023,0.7984748
5024,0.00038388371
5025,0.9999924
5026,5.4121017e-05
5027,1.0
5028,0.0008177459
5029,0.002953887
5030,0.9998541
5031,0.9999993
5032,0.0016088188
5033,0.9999976
5034,0.0010725856
5035,0.026544869
5036,0.0015951097
5037,0.0055609345
5038,0.0004966259
5039,0.9999963
5040,0.9999474
5041,1.0
5042,0.9999992
5043,0.01343751
5044,0.01350683
5045,0.0002580583
5046,1.0
5047,0.0005585253
5048,1.0
5049,0.013690859
5050,0.00048726797
5051,0.010959566
5052,1.0
5053,3.3825636e-05
5054,1.0
5055,0.0007003844
5056,1.0
5057,0.002816856
5058,0.0012365878
5059,8.431077e-05
5060,1.0
5061,0.0018695891
5062,0.99803764
5063,0.0132082105
5064,0.0030440688
5065,0.0014190078
5066,0.9999976
5067,0.0008726716
5068,0.27529037
5069,0.0004978776
5070,0.05174786
5071,0.081912875
5072,0.9999852
5073,0.00048401952
5074,0.0018694997
5075,0.013587713
5076,0.0019942224
5077,0.9191161
5078,0.03115359
5079,1.0
5080,0.024360418
5081,0.9968054
5082,0.9619119
5083,1.0
5084,1.0
5085,0.0028233826
5086,0.016427249
5087,1.0
5088,0.99999535
5089,0.9999938
5090,0.0008171797
5091,0.0020219684
5092,0.00048550963
5093,8.484721e-05
5094,1.0
5095,0.00045722723
5096,1.0
5097,0.0012260973
5098,0.0008406937
5099,0.3212989
5100,0.00048828125
5101,0.00093358755
5102,0.9999073
5103,0.015448898
5104,0.8909618
5105,0.001168102
5106,0.99999213
5107,8.3595514e-05
5108,1.0
5109,0.0009916723
5110,0.01723215
5111,0.00044193864
5112,0.014508814
5113,0.000441432
5114,0.99745697
5115,0.0021223724
5116,1.0
5117,3.5732985e-05
5118,1.0
5119,0.0063325167
5120,0.0004988313
5121,0.00042393804
5122,0.00044164062
5123,1.0
5124,0.18782556
5125,1.0
5126,0.99999774
5127,0.99987495
5128,0.0008636415
5129,0.99874437
5130,0.13533151
5131,0.00038006902
5132,0.0034101903
5133,0.007259965
5134,1.0
5135,0.0032924414
5136,0.9907969
5137,0.015705168
5138,0.00046682358
5139,0.0015832782
5140,0.0016411543
5141,0.049407423
5142,0.0005700588
5143,0.010761768
5144,1.0
5145,0.011163741
5146,0.0018716156
5147,0.0002913475
5148,0.04274422
5149,0.999912
5150,0.36668262
5151,0.000798285
5152,0.015200347
5153,1.0
5154,0.99497306
5155,6.493926e-05
5156,0.0014308095
5157,1.0
5158,0.002886355
5159,0.001308322
5160,0.9999999
5161,0.99999994
5162,0.0023791492
5163,0.013527453
5164,1.0
5165,0.0016307235
5166,0.9999325
5167,0.0003490448
5168,0.01976806
5169,1.0
5170,0.002969265
5171,0.0023878217
5172,1.0
5173,0.0076459944
5174,0.010686606
5175,1.0
5176,0.9999999
5177,0.001016885
5178,0.013113469
5179,0.9999937
5180,0.0017705858
5181,0.9945904
5182,0.015270263
5183,0.015290707
5184,0.0017544925
5185,0.0024644732
5186,1.0
5187,1.0
5188,0.001241833
5189,0.0014118254
5190,8.136034e-06
5191,0.0019108057
5192,1.6242266e-05
5193,1.0
5194,0.0014152825
5195,0.0023859143
5196,0.9968798
5197,1.0
5198,0.00752455
5199,0.000108867884
5200,0.0110825
5201,0.0010814965
5202,0.0008427799
5203,0.0057362616
5204,0.016736835
5205,0.0004466772
5206,0.31714398
5207,0.00027635694
5208,0.00090256333
5209,0.99995905
5210,0.0035179555
5211,1.0
5212,0.0023040771
5213,0.0007520914
5214,0.0010442138
5215,0.0003053844
5216,0.001549691
5217,0.99997383
5218,0.24102265
5219,1.0
5220,0.0029143095
5221,6.41644e-05
5222,0.15858492
5223,0.9896235
5224,0.020166785
5225,0.9926989
5226,0.99991775
5227,0.0024490356
5228,0.01176855
5229,1.0
5230,0.0004541874
5231,0.0047884285
5232,1.0
5233,0.00013130903
5234,0.9999994
5235,0.99999833
5236,0.9999994
5237,0.015540272
5238,1.0
5239,1.0
5240,1.0
5241,0.0044275224
5242,0.040130556
5243,0.0011979938
5244,0.000410527
5245,0.0025874078
5246,0.0035877228
5247,0.0026342273
5248,0.0013362765
5249,0.98486114
5250,0.0005492568
5251,0.025041193
5252,0.01727435
5253,0.0005697012
5254,0.010050446
5255,0.0019114316
5256,1.0
5257,1.0
5258,0.008241624
5259,1.0
5260,0.00083723664
5261,0.002902478
5262,0.056047708
5263,0.85542715
5264,0.011153489
5265,0.99999976
5266,0.00041258335
5267,5.00381e-05
5268,1.0
5269,1.0
5270,1.0
5271,0.0035232604
5272,0.9700171
5273,0.00042551756
5274,0.061454087
5275,0.00082209706
5276,0.00038215518
5277,1.0
5278,0.0011366606
5279,0.062793076
5280,0.9999616
5281,0.04055935
5282,0.0009165704
5283,0.01343587
5284,6.496906e-05
5285,1.0
5286,1.0
5287,0.0026899874
5288,0.00019934773
5289,0.00029152632
5290,0.0019990802
5291,0.0011843443
5292,0.005422771
5293,0.0013158917
5294,0.00026461482
5295,0.0009175539
5296,0.0013931096
5297,0.0025582612
5298,1.0
5299,0.9140244
5300,1.0
5301,0.024892718
5302,1.0
5303,0.00051641464
5304,0.00092220306
5305,0.01497978
5306,0.00011757016
5307,0.9999437
5308,0.002874136
5309,0.6514617
5310,0.013578773
5311,9.480119e-05
5312,1.0
5313,0.20905435
5314,0.00050485134
5315,0.0011966825
5316,0.99993694
5317,0.9999646
5318,0.00045481324
5319,0.0013170838
5320,0.34063542
5321,4.9173832e-05
5322,0.0652363
5323,1.0
5324,0.00041377544
5325,0.0028455257
5326,0.8298038
5327,0.005376041
5328,0.0015232861
5329,1.0
5330,0.0010328293
5331,0.018035352
5332,0.99371135
5333,0.0018713474
5334,0.00053679943
5335,0.005369723
5336,0.0016471446
5337,0.0021678507
5338,0.9999651
5339,0.0012145042
5340,0.00053206086
5341,0.0005211234
5342,0.0010765791
5343,1.0
5344,1.0
5345,0.0002911389
5346,0.99999976
5347,1.0
5348,0.011068314
5349,0.0018862486
5350,0.000110954046
5351,0.01886478
5352,0.00045645237
5353,0.011285931
5354,0.78460675
5355,1.0
5356,0.0029782057
5357,0.001717031
5358,0.99926794
5359,0.012198746
5360,1.0
5361,0.0012077689
5362,0.00036600232
5363,0.013710946
5364,1.0
5365,0.0006262958
5366,1.0
5367,0.0011892021
5368,1.0
5369,0.99999094
5370,0.046307176
5371,1.0
5372,0.62385166
5373,6.8575144e-05
5374,0.99997497
5375,0.0016199052
5376,1.0
5377,0.0020474792
5378,0.0017673075
5379,0.9999924
5380,0.051238775
5381,0.016237944
5382,0.00060242414
5383,0.0011604726
5384,0.0012845993
5385,0.0015616715
5386,0.0022468567
5387,0.99999994
5388,1.0
5389,0.9904146
5390,0.09920636
5391,1.0
5392,0.0022230446
5393,0.00083079934
5394,0.17340225
5395,1.0
5396,1.0
5397,0.0012874603
5398,0.99997807
5399,0.0018920004
5400,0.011378527
5401,0.99999166
5402,0.999999
5403,0.008262843
5404,0.99999917
5405,0.00048694015
5406,0.00043281913
5407,0.00028145313
5408,0.9980806
5409,0.99971896
5410,0.0004928112
5411,0.00053960085
5412,1.0
5413,0.00022739172
5414,0.002010703
5415,0.01684928
5416,0.00045731664
5417,0.0005569458
5418,0.99985164
5419,0.0030319393
5420,0.00020417571
5421,0.99999976
5422,0.0008903146
5423,0.0006045997
5424,0.9964365
5425,0.010752529
5426,0.00032541156
5427,1.0
5428,0.0010047853
5429,0.0013602674
5430,1.0
5431,0.120990336
5432,0.00058835745
5433,0.0036711097
5434,0.00053068995
5435,0.0116659105
5436,0.0013548732
5437,0.016073942
5438,0.0032418966
5439,1.0
5440,0.00041168928
5441,0.02361074
5442,1.0
5443,0.00033527613
5444,0.046408355
5445,0.26318848
5446,0.008444399
5447,0.01728952
5448,0.009621918
5449,0.0015701354
5450,0.015906423
5451,8.291006e-05
5452,1.0
5453,0.012136519
5454,0.6317663
5455,0.0022968054
5456,0.00026986003
5457,0.00045633316
5458,0.002718538
5459,0.0023801923
5460,4.1127205e-06
5461,0.013850808
5462,0.175295
5463,1.0
5464,0.00069755316
5465,0.0010486245
5466,0.0002863407
5467,1.0
5468,0.9999999
5469,0.9999997
5470,5.310774e-05
5471,0.9999498
5472,0.00017374754
5473,0.0010864139
5474,0.0011615455
5475,1.0
5476,0.0011416376
5477,0.9999976
5478,0.00055518746
5479,0.99995136
5480,0.0015562177
5481,0.0008238554
5482,0.001144439
5483,0.00058573484
5484,0.00026097894
5485,0.00029465556
5486,0.00048303604
5487,0.99999994
5488,0.0025398731
5489,1.0
5490,0.9996296
5491,0.9999763
5492,0.99999535
5493,0.99469
5494,1.0
5495,0.00052011013
5496,0.00035193563
5497,0.00096437335
5498,0.9999555
5499,6.264448e-05
5500,0.005308956
5501,0.29423928
5502,1.0
5503,0.00046658516
5504,1.0
5505,1.0
5506,0.0006714761
5507,1.0
5508,0.016146362
5509,0.02018106
5510,0.008363098
5511,1.0
5512,0.014799535
5513,0.0013392866
5514,1.0
5515,3.954768e-05
5516,0.01292935
5517,0.9999975
5518,1.0
5519,0.00063467026
5520,1.0
5521,0.0013670921
5522,0.0115484595
5523,1.0
5524,0.00063708425
5525,0.00038960576
5526,2.4497509e-05
5527,1.0
5528,0.0014159381
5529,0.21350047
5530,0.014755964
5531,0.99999964
5532,1.0
5533,0.0008673668
5534,8.136034e-06
5535,0.0112942755
5536,0.9998829
5537,1.0
5538,0.9999962
5539,0.99995315
5540,0.0008326173
5541,1.0
5542,0.00051143765
5543,1.7851591e-05
5544,0.938716
5545,2.8550625e-05
5546,0.011909276
5547,0.0006073117
5548,1.0
5549,0.00037899613
5550,1.0
5551,2.1994114e-05
5552,0.9999788
5553,1.0
5554,0.032625288
5555,0.00047409534
5556,1.0
5557,0.999968
5558,0.01176393
5559,0.97635925
5560,0.09912485
5561,0.001218915
5562,0.001907587
5563,0.0011888742
5564,0.0010195673
5565,0.0049911737
5566,0.0015468597
5567,1.0
5568,0.0029610693
5569,0.9999916
5570,0.9999997
5571,1.0
5572,0.00064101815
5573,0.9999971
5574,0.9998665
5575,1.0
5576,0.9963275
5577,0.00023555756
5578,1.0
5579,1.0
5580,0.99996054
5581,0.003072083
5582,0.9765812
5583,0.9999999
5584,0.9987269
5585,0.00034469366
5586,0.0010495484
5587,0.0008740127
5588,2.0444393e-05
5589,0.0015281737
5590,0.00063079596
5591,0.33490795
5592,0.00042113662
5593,0.0010606945
5594,1.0
5595,0.012675017
5596,0.0009916723
5597,0.99981916
5598,1.0
5599,0.0037833154
5600,0.00044474006
5601,1.0
5602,0.0010023117
5603,0.9997696
5604,0.49539226
5605,0.5103866
5606,0.0013710558
5607,0.02345416
5608,0.00044089556
5609,0.0023106039
5610,1.0
5611,0.0013773441
5612,0.013499081
5613,1.0
5614,0.0020986795
5615,0.001265794
5616,0.41247612
5617,0.0017259121
5618,1.0
5619,1.0
5620,1.0
5621,1.0
5622,0.012747705
5623,0.0029351115
5624,0.0032707155
5625,0.0010916293
5626,0.00021830201
5627,0.47244883
5628,0.9999844
5629,1.0
5630,0.999288
5631,1.0
5632,0.0003426373
5633,1.8894672e-05
5634,0.0010818243
5635,1.0
5636,0.033014894
5637,1.0
5638,1.0
5639,5.0991774e-05
5640,0.9999992
5641,0.01656717
5642,0.001729697
5643,0.00016909838
5644,0.0011287928
5645,1.0
5646,0.025537759
5647,1.0
5648,0.9999192
5649,1.0
5650,0.014705509
5651,0.00093382597
5652,1.0
5653,0.48549718
5654,0.0011309385
5655,1.0
5656,0.046359777
5657,0.99897796
5658,0.0015242696
5659,0.001155287
5660,0.017319947
5661,0.0012988746
5662,1.0
5663,0.00182423
5664,1.2218952e-05
5665,0.00043272972
5666,0.99968004
5667,1.0
5668,0.013698399
5669,0.0003938079
5670,0.99996626
5671,0.003034681
5672,0.016409665
5673,0.008375555
5674,0.0005558431
5675,0.0013068616
5676,0.999992
5677,1.0
5678,0.9999958
5679,0.0008958876
5680,0.00052556396
5681,0.00311172
5682,0.012080044
5683,0.99996
5684,0.0039164424
5685,0.9972648
5686,0.9999999
5687,0.00077855587
5688,0.013524026
5689,0.011818618
5690,0.012310743
5691,1.0
5692,0.99998915
5693,0.0026102066
5694,9.2446804e-05
5695,1.0
5696,1.0
5697,1.0
5698,0.99998915
5699,0.03256473
5700,0.00010254979
5701,0.0016767681
5702,0.039712757
5703,0.00042241812
5704,0.0167391
5705,0.075241685
5706,1.0
5707,0.99999994
5708,0.9999572
5709,0.0023889542
5710,1.0
5711,0.0020032823
5712,0.0010511577
5713,1.0
5714,0.0016693771
5715,0.177134
5716,0.013584197
5717,0.00054627657
5718,1.0
5719,1.0
5720,0.0051453114
5721,0.00014325976
5722,0.0004492998
5723,0.019559234
5724,0.014596552
5725,0.006243378
5726,0.016393304
5727,1.0
5728,0.000918448
5729,0.0016468167
5730,0.1694189
5731,1.0
5732,0.00067678094
5733,0.00012603402
5734,0.0024777353
5735,1.0
5736,0.00028023124
5737,0.00047633052
5738,1.0
5739,0.0024811924
5740,0.0020871162
5741,0.0128848255
5742,0.00055244565
5743,0.05519557
5744,0.9998404
5745,0.9978914
5746,0.010932922
5747,0.00044983625
5748,1.7881393e-06
5749,0.0022647977
5750,0.0012835264
5751,0.0007273555
5752,0.27492654
5753,0.011465102
5754,1.0
5755,0.3947371
5756,0.35918403
5757,0.46721342
5758,0.0027026534
5759,0.0035526752
5760,4.4971704e-05
5761,1.0
5762,0.2898817
5763,0.9983116
5764,0.09056908
5765,1.9520521e-05
5766,0.0064364076
5767,9.253621e-05
5768,0.0024466515
5769,0.9999989
5770,0.016450942
5771,0.0004658997
5772,1.0
5773,0.2828675
5774,1.0
5775,0.0028678179
5776,1.0
5777,0.0006941259
5778,0.00027492642
5779,0.001270771
5780,0.0018068552
5781,0.0015312433
5782,1.0
5783,0.0013566911
5784,0.36039245
5785,0.00033012033
5786,0.001519829
5787,0.0038595796
5788,1.0
5789,1.0
5790,0.0005161762
5791,0.0018197596
5792,0.0004657507
5793,0.014423907
5794,0.00053834915
5795,0.9999925
5796,0.0017423332
5797,0.0015250742
5798,0.059014738
5799,0.0025891662
5800,0.00013005733
5801,0.01321277
5802,0.0001232624
5803,0.9963919
5804,0.0015948117
5805,0.025140464
5806,0.9873185
5807,0.014934719
5808,1.0
5809,1.41859055e-05
5810,0.00021448731
5811,0.0005108714
5812,0.0010661483
5813,0.99998045
5814,1.0
5815,0.0060504377
5816,0.33370268
5817,0.9999981
5818,0.99999547
5819,0.0030483007
5820,0.0020225942
5821,1.0
5822,0.00047257543
5823,0.017156601
5824,1.0
5825,1.0
5826,8.940697e-08
5827,0.0024726987
5828,0.002278626
5829,0.05973059
5830,1.0
5831,0.00056782365
5832,0.0019757152
5833,0.0011949241
5834,0.00045862794
5835,1.0
5836,0.00929752
5837,0.99981654
5838,0.0011505187
5839,0.0021443963
5840,0.015796602
5841,0.031193852
5842,0.001657486
5843,0.1589689
5844,0.00014516711
5845,0.0032336712
5846,0.0009184778
5847,0.04216081
5848,0.00039821863
5849,1.0
5850,0.010090649
5851,1.0
5852,1.0
5853,0.00093737245
5854,0.7073226
5855,0.00027158856
5856,0.004297912
5857,0.00055134296
5858,0.99999917
5859,0.9935626
5860,0.9999615
5861,0.0005158186
5862,0.00086027384
5863,0.0046604574
5864,1.0
5865,0.0027329624
5866,0.068736285
5867,0.99998486
5868,0.9999948
5869,0.000936985
5870,0.00071305037
5871,0.0004979968
5872,0.0034739673
5873,0.98825717
5874,0.005158037
5875,0.001725167
5876,0.0030609667
5877,0.98411196
5878,0.002054572
5879,0.00087174773
5880,5.3346157e-06
5881,0.9232407
5882,0.012504786
5883,0.00033032894
5884,0.0011687577
5885,0.99998903
5886,0.0122978985
5887,0.0028754473
5888,1.0
5889,0.00047811866
5890,0.00032553077
5891,0.021093488
5892,0.0002002716
5893,0.0005288124
5894,0.49212596
5895,0.002924621
5896,0.00084868073
5897,0.0005223155
5898,0.0005003214
5899,1.0
5900,0.009475529
5901,0.0784708
5902,0.013065249
5903,0.012250096
5904,0.00017765164
5905,0.00065615773
5906,0.99997914
5907,0.999581
5908,1.0
5909,0.9999999
5910,0.0005223751
5911,1.0
5912,0.0021336973
5913,0.000962168
5914,0.0013163984
5915,0.014226913
5916,1.0
5917,0.004245907
5918,0.999917
5919,0.9996709
5920,3.1888485e-06
5921,0.019539446
5922,1.0
5923,0.99958646
5924,0.0009486973
5925,0.005438
5926,0.0016792715
5927,0.9999989
5928,1.0
5929,0.0010624528
5930,0.00035184622
5931,0.014823943
5932,1.0
5933,0.0103634
5934,0.83700144
5935,1.0
5936,0.21217465
5937,0.9999955
5938,1.0
5939,0.0019249022
5940,0.9999998
5941,0.0011433065
5942,0.0026737154
5943,0.39396173
5944,5.1558018e-05
5945,0.9125804
5946,0.00026252866
5947,1.0
5948,0.0017229915
5949,0.0005298853
5950,0.062018096
5951,1.0
5952,1.0
5953,0.00035011768
5954,1.0
5955,0.004386425
5956,0.0006248653
5957,0.9999987
5958,0.0025022328
5959,1.0
5960,1.0
5961,0.0021069348
5962,1.0
5963,1.0
5964,0.015987158
5965,0.0046803653
5966,0.0009908676
5967,0.040599644
5968,0.0045093
5969,0.0057821274
5970,0.0016895235
5971,0.0007010102
5972,1.0
5973,1.0
5974,1.0
5975,0.03586039
5976,0.9775185
5977,0.99999994
5978,0.99945486
5979,0.99456334
5980,0.000505507
5981,0.0012050271
5982,0.99138254
5983,0.99997115
5984,0.0004735589
5985,0.9999993
5986,0.0020096302
5987,0.00032445788
5988,0.0010792613
5989,1.0
5990,1.0
5991,1.0
5992,1.0
5993,0.014029622
5994,0.00050747395
5995,0.0016896129
5996,0.9999355
5997,1.0
5998,1.0
5999,0.0007364452
6000,0.0007095039
6001,0.047533035
6002,0.00039073825
6003,3.9339066e-06
6004,0.019647121
6005,0.06863344
6006,0.00076919794
6007,0.0020304024
6008,0.00027772784
6009,0.99996436
6010,0.01328671
6011,0.9999999
6012,0.000926584
6013,0.534015
6014,0.00027051568
6015,0.002453953
6016,0.00021928549
6017,0.016289294
6018,0.010419309
6019,1.0
6020,0.2194604
6021,3.8206577e-05
6022,0.014416546
6023,0.9999999
6024,1.0
6025,0.99999803
6026,0.021118015
6027,0.99973
6028,1.0
6029,0.0061855614
6030,0.99994063
6031,0.99999946
6032,0.9999926
6033,0.7900655
6034,0.0137993395
6035,0.017106175
6036,0.0012969673
6037,0.99999195
6038,0.016753733
6039,0.99999917
6040,0.00052663684
6041,1.8954277e-05
6042,0.0012119412
6043,0.0007441938
6044,0.001822561
6045,0.041815072
6046,0.96784735
6047,1.0
6048,0.00062671304
6049,0.059168935
6050,0.0004837811
